  QUANTUM-ONLY LIVE PIPELINE
  symbol=btcusdt  max_resolved=500  max_fetches=unlimited  max_runtime=unlimited
  horizon=60.0s  sample_interval=5.0s  window=15
  output=/home/manjaruhp/Pictures/Autonomous-AI-june2026/Exchange-Q/core/_live_results/btcusdt-quantum-1785042351.json
  database=/home/manjaruhp/Pictures/Autonomous-AI-june2026/Exchange-Q/core/_live_results/btcusdt-quantum-1785042351.sqlite3
  PID=1479554
  Started at 2026-07-26 08:35:51

  [    0] 08:35:52 WARMUP (1/15)
  [    1] 08:35:58 WARMUP (2/15)
  [    2] 08:36:04 WARMUP (3/15)
  [    3] 08:36:10 WARMUP (4/15)
  [    4] 08:36:16 WARMUP (5/15)
  [    5] 08:36:21 WARMUP (6/15)
  [    6] 08:36:27 WARMUP (7/15)
  [    7] 08:36:33 WARMUP (8/15)
  [    8] 08:36:39 WARMUP (9/15)
  [    9] 08:36:45 WARMUP (10/15)
  [   10] 08:36:50 WARMUP (11/15)
  [   11] 08:36:56 WARMUP (12/15)
  [   12] 08:37:02 WARMUP (13/15)
  [   13] 08:37:08 WARMUP (14/15)
  WARMUP complete — creating predictions for horizon=60.0s
  [   14] 08:37:13 p=64510.7 c=0.499 q=0.596 δ=0.87 status=pending fallback=none target=08:38:13
  [   15] 08:37:19 SKIP forecast — pending unresolved
  [   16] 08:37:26 SKIP forecast — pending unresolved
  [   17] 08:37:31 SKIP forecast — pending unresolved
  [   18] 08:37:37 SKIP forecast — pending unresolved
  [   19] 08:37:43 SKIP forecast — pending unresolved
  [   20] 08:37:49 SKIP forecast — pending unresolved
  [   21] 08:37:54 SKIP forecast — pending unresolved
  [   22] 08:38:00 SKIP forecast — pending unresolved
  [   23] 08:38:06 SKIP forecast — pending unresolved
  [   24] 08:38:12 SKIP forecast — pending unresolved
  [   25] 08:38:17 RESOLVED id=btcusdt-14-1785042433833 act=0.700 c_err=0.201 q_err=0.104 ret=+0.00000
  [   25] 08:38:17 p=64513.3 c=0.660 q=0.943 δ=0.73 status=pending fallback=none target=08:39:17
  [   26] 08:38:23 SKIP forecast — pending unresolved
  [   27] 08:38:29 SKIP forecast — pending unresolved
  [   28] 08:38:34 SKIP forecast — pending unresolved
  [   29] 08:38:40 SKIP forecast — pending unresolved
  [   30] 08:38:46 SKIP forecast — pending unresolved
  [   31] 08:38:52 SKIP forecast — pending unresolved
  [   32] 08:38:58 SKIP forecast — pending unresolved
  [   33] 08:39:04 SKIP forecast — pending unresolved
  [   34] 08:39:10 SKIP forecast — pending unresolved
  [   35] 08:39:16 SKIP forecast — pending unresolved
  [   36] 08:39:21 RESOLVED id=btcusdt-25-1785042497838 act=0.700 c_err=0.040 q_err=0.243 ret=-0.00200
  [   36] 08:39:21 p=64513.3 c=0.692 q=1.000 δ=0.89 status=pending fallback=none target=08:40:21
  [   37] 08:39:27 SKIP forecast — pending unresolved
  [   38] 08:39:33 SKIP forecast — pending unresolved
  [   39] 08:39:39 SKIP forecast — pending unresolved
  [   40] 08:39:45 SKIP forecast — pending unresolved
  [   41] 08:39:50 SKIP forecast — pending unresolved
  [   42] 08:39:56 SKIP forecast — pending unresolved
  [   43] 08:40:02 SKIP forecast — pending unresolved
  [   44] 08:40:08 SKIP forecast — pending unresolved
  [   45] 08:40:14 SKIP forecast — pending unresolved
  [   46] 08:40:19 SKIP forecast — pending unresolved
  [   47] 08:40:25 RESOLVED id=btcusdt-36-1785042561967 act=0.700 c_err=0.008 q_err=0.300 ret=-0.00205
  [   47] 08:40:25 p=64510.3 c=0.692 q=1.000 δ=0.86 status=pending fallback=none target=08:41:25
  [   48] 08:40:31 SKIP forecast — pending unresolved
  [   49] 08:40:37 SKIP forecast — pending unresolved
  [   50] 08:40:42 SKIP forecast — pending unresolved
  [   51] 08:40:48 SKIP forecast — pending unresolved
  [   52] 08:40:54 SKIP forecast — pending unresolved
  [   53] 08:41:00 SKIP forecast — pending unresolved
  [   54] 08:41:06 SKIP forecast — pending unresolved
  [   55] 08:41:12 SKIP forecast — pending unresolved
  [   56] 08:41:18 SKIP forecast — pending unresolved
  [   57] 08:41:23 SKIP forecast — pending unresolved
  [   58] 08:41:29 RESOLVED id=btcusdt-47-1785042625613 act=0.667 c_err=0.025 q_err=0.333 ret=-0.00196
  [   58] 08:41:29 p=64512.7 c=0.669 q=1.000 δ=0.81 status=pending fallback=none target=08:42:29
  [   59] 08:41:35 SKIP forecast — pending unresolved
  [   60] 08:41:41 SKIP forecast — pending unresolved
  [   61] 08:41:47 SKIP forecast — pending unresolved
  [   62] 08:41:53 SKIP forecast — pending unresolved
  [   63] 08:41:58 SKIP forecast — pending unresolved
  [   64] 08:42:04 SKIP forecast — pending unresolved
  [   65] 08:42:10 SKIP forecast — pending unresolved
  [   66] 08:42:16 SKIP forecast — pending unresolved
  [   67] 08:42:21 SKIP forecast — pending unresolved
  [   68] 08:42:27 SKIP forecast — pending unresolved
  [   69] 08:42:33 RESOLVED id=btcusdt-58-1785042689759 act=0.600 c_err=0.069 q_err=0.400 ret=-0.00175
  [   69] 08:42:33 p=64529.0 c=0.624 q=1.000 δ=0.58 status=pending fallback=none target=08:43:33
  [   70] 08:42:39 SKIP forecast — pending unresolved
  [   71] 08:42:45 SKIP forecast — pending unresolved
  [   72] 08:42:50 SKIP forecast — pending unresolved
  [   73] 08:42:56 SKIP forecast — pending unresolved
  [   74] 08:43:02 SKIP forecast — pending unresolved
  [   75] 08:43:08 SKIP forecast — pending unresolved
  [   76] 08:43:14 SKIP forecast — pending unresolved
  [   77] 08:43:19 SKIP forecast — pending unresolved
  [   78] 08:43:25 SKIP forecast — pending unresolved
  [   79] 08:43:31 SKIP forecast — pending unresolved
  [   80] 08:43:37 RESOLVED id=btcusdt-69-1785042753508 act=0.567 c_err=0.057 q_err=0.433 ret=-0.00199
  [   80] 08:43:37 p=64529.5 c=0.582 q=1.000 δ=0.65 status=pending fallback=none target=08:44:37
  [   81] 08:43:43 SKIP forecast — pending unresolved
  [   82] 08:43:49 SKIP forecast — pending unresolved
  [   83] 08:43:55 SKIP forecast — pending unresolved
  [   84] 08:44:00 SKIP forecast — pending unresolved
  [   85] 08:44:06 SKIP forecast — pending unresolved
  [   86] 08:44:12 SKIP forecast — pending unresolved
  [   87] 08:44:18 SKIP forecast — pending unresolved
  [   88] 08:44:24 SKIP forecast — pending unresolved
  [   89] 08:44:30 SKIP forecast — pending unresolved
  [   90] 08:44:36 SKIP forecast — pending unresolved
  [   91] 08:44:41 RESOLVED id=btcusdt-80-1785042817752 act=0.567 c_err=0.016 q_err=0.433 ret=-0.00200
  [   91] 08:44:41 p=64529.5 c=0.585 q=0.814 δ=0.57 status=pending fallback=none target=08:45:41
  [   92] 08:44:47 SKIP forecast — pending unresolved
  [   93] 08:44:53 SKIP forecast — pending unresolved
  [   94] 08:44:58 SKIP forecast — pending unresolved
  [   95] 08:45:04 SKIP forecast — pending unresolved
  [   96] 08:45:10 SKIP forecast — pending unresolved
  [   97] 08:45:16 SKIP forecast — pending unresolved
  [   98] 08:45:21 SKIP forecast — pending unresolved
  [   99] 08:45:27 SKIP forecast — pending unresolved
  [  100] 08:45:33 SKIP forecast — pending unresolved
  [  101] 08:45:39 SKIP forecast — pending unresolved
  [  102] 08:45:45 RESOLVED id=btcusdt-91-1785042881814 act=0.567 c_err=0.018 q_err=0.247 ret=-0.00200
  [  102] 08:45:45 p=64529.5 c=0.585 q=1.000 δ=0.66 status=pending fallback=none target=08:46:45
  [  103] 08:45:50 SKIP forecast — pending unresolved
  [  104] 08:45:57 SKIP forecast — pending unresolved
  [  105] 08:46:02 SKIP forecast — pending unresolved
  [  106] 08:46:09 SKIP forecast — pending unresolved
  [  107] 08:46:14 SKIP forecast — pending unresolved
  [  108] 08:46:20 SKIP forecast — pending unresolved
  [  109] 08:46:26 SKIP forecast — pending unresolved
  [  110] 08:46:31 SKIP forecast — pending unresolved
  [  111] 08:46:37 SKIP forecast — pending unresolved
  [  112] 08:46:43 SKIP forecast — pending unresolved
  [  113] 08:46:49 RESOLVED id=btcusdt-102-1785042945095 act=0.400 c_err=0.185 q_err=0.600 ret=-0.00214
  [  113] 08:46:49 p=64520.2 c=0.475 q=1.000 δ=0.87 status=pending fallback=none target=08:47:49
  [  114] 08:46:55 SKIP forecast — pending unresolved
  [  115] 08:47:01 SKIP forecast — pending unresolved
  [  116] 08:47:06 SKIP forecast — pending unresolved
  [  117] 08:47:12 SKIP forecast — pending unresolved
  [  118] 08:47:18 SKIP forecast — pending unresolved
  [  119] 08:47:24 SKIP forecast — pending unresolved
  [  120] 08:47:30 SKIP forecast — pending unresolved
  [  121] 08:47:36 SKIP forecast — pending unresolved
  [  122] 08:47:42 SKIP forecast — pending unresolved
  [  123] 08:47:47 SKIP forecast — pending unresolved
  [  124] 08:47:53 RESOLVED id=btcusdt-113-1785043009606 act=0.300 c_err=0.175 q_err=0.700 ret=-0.00205
  [  124] 08:47:53 p=64517.0 c=0.380 q=0.564 δ=0.92 status=pending fallback=none target=08:48:53
  [  125] 08:47:59 SKIP forecast — pending unresolved
  [  126] 08:48:05 SKIP forecast — pending unresolved
  [  127] 08:48:11 SKIP forecast — pending unresolved
  [  128] 08:48:17 SKIP forecast — pending unresolved
  [  129] 08:48:22 SKIP forecast — pending unresolved
  [  130] 08:48:28 SKIP forecast — pending unresolved
  [  131] 08:48:34 SKIP forecast — pending unresolved
  [  132] 08:48:40 SKIP forecast — pending unresolved
  [  133] 08:48:45 SKIP forecast — pending unresolved
  [  134] 08:48:51 SKIP forecast — pending unresolved
  [  135] 08:48:57 RESOLVED id=btcusdt-124-1785043073862 act=0.333 c_err=0.047 q_err=0.230 ret=+0.00000
  [  135] 08:48:57 p=64517.0 c=0.395 q=0.514 δ=0.95 status=pending fallback=none target=08:49:57
  [  136] 08:49:03 SKIP forecast — pending unresolved
  [  137] 08:49:09 SKIP forecast — pending unresolved
  [  138] 08:49:15 SKIP forecast — pending unresolved
  [  139] 08:49:20 SKIP forecast — pending unresolved
  [  140] 08:49:26 SKIP forecast — pending unresolved
  [  141] 08:49:32 SKIP forecast — pending unresolved
  [  142] 08:49:39 SKIP forecast — pending unresolved
  [  143] 08:49:45 SKIP forecast — pending unresolved
  [  144] 08:49:50 SKIP forecast — pending unresolved
  [  145] 08:49:56 SKIP forecast — pending unresolved
  [  146] 08:50:02 RESOLVED id=btcusdt-135-1785043137499 act=0.400 c_err=0.005 q_err=0.114 ret=+0.00000
  [  146] 08:50:02 p=64516.6 c=0.449 q=1.000 δ=0.97 status=pending fallback=none target=08:51:02
  [  147] 08:50:08 SKIP forecast — pending unresolved
  [  148] 08:50:14 SKIP forecast — pending unresolved
  [  149] 08:50:19 SKIP forecast — pending unresolved
  [  150] 08:50:25 SKIP forecast — pending unresolved
  [  151] 08:50:31 SKIP forecast — pending unresolved
  [  152] 08:50:37 SKIP forecast — pending unresolved
  [  153] 08:50:43 SKIP forecast — pending unresolved
  [  154] 08:50:49 SKIP forecast — pending unresolved
  [  155] 08:50:55 SKIP forecast — pending unresolved
  [  156] 08:51:01 SKIP forecast — pending unresolved
  [  157] 08:51:06 RESOLVED id=btcusdt-146-1785043202391 act=0.400 c_err=0.049 q_err=0.600 ret=-0.00200
  [  157] 08:51:06 p=64516.6 c=0.450 q=1.000 δ=0.72 status=pending fallback=none target=08:52:06
  [  158] 08:51:12 SKIP forecast — pending unresolved
  [  159] 08:51:18 SKIP forecast — pending unresolved
  [  160] 08:51:24 SKIP forecast — pending unresolved
  [  161] 08:51:30 SKIP forecast — pending unresolved
  [  162] 08:51:36 SKIP forecast — pending unresolved
  [  163] 08:51:42 SKIP forecast — pending unresolved
  [  164] 08:51:47 SKIP forecast — pending unresolved
  [  165] 08:51:53 SKIP forecast — pending unresolved
  [  166] 08:51:59 SKIP forecast — pending unresolved
  [  167] 08:52:05 SKIP forecast — pending unresolved
  [  168] 08:52:11 RESOLVED id=btcusdt-157-1785043266808 act=0.367 c_err=0.083 q_err=0.633 ret=-0.00200
  [  168] 08:52:11 p=64516.6 c=0.417 q=0.620 δ=0.82 status=pending fallback=none target=08:53:11
  [  169] 08:52:16 SKIP forecast — pending unresolved
  [  170] 08:52:22 SKIP forecast — pending unresolved
  [  171] 08:52:29 SKIP forecast — pending unresolved
  [  172] 08:52:35 SKIP forecast — pending unresolved
  [  173] 08:52:41 SKIP forecast — pending unresolved
  [  174] 08:52:47 SKIP forecast — pending unresolved
  [  175] 08:52:53 SKIP forecast — pending unresolved
  [  176] 08:52:58 SKIP forecast — pending unresolved
  [  177] 08:53:04 SKIP forecast — pending unresolved
  [  178] 08:53:11 SKIP forecast — pending unresolved
  [  179] 08:53:16 RESOLVED id=btcusdt-168-1785043331038 act=0.367 c_err=0.050 q_err=0.253 ret=-0.00200
  [  179] 08:53:16 p=64516.6 c=0.423 q=0.634 δ=0.70 status=pending fallback=none target=08:54:16
  [  180] 08:53:22 SKIP forecast — pending unresolved
  [  181] 08:53:28 SKIP forecast — pending unresolved
  [  182] 08:53:34 SKIP forecast — pending unresolved
  [  183] 08:53:40 SKIP forecast — pending unresolved
  [  184] 08:53:45 SKIP forecast — pending unresolved
  [  185] 08:53:51 SKIP forecast — pending unresolved
  [  186] 08:53:57 SKIP forecast — pending unresolved
  [  187] 08:54:03 SKIP forecast — pending unresolved
  [  188] 08:54:08 SKIP forecast — pending unresolved
  [  189] 08:54:14 SKIP forecast — pending unresolved
  [  190] 08:54:20 RESOLVED id=btcusdt-179-1785043396972 act=0.367 c_err=0.056 q_err=0.268 ret=-0.00200
  [  190] 08:54:20 p=64516.6 c=0.423 q=1.000 δ=0.66 status=pending fallback=none target=08:55:20
  [  191] 08:54:26 SKIP forecast — pending unresolved
  [  192] 08:54:32 SKIP forecast — pending unresolved
  [  193] 08:54:40 SKIP forecast — pending unresolved
  [  194] 08:54:46 SKIP forecast — pending unresolved
  [  195] 08:54:53 SKIP forecast — pending unresolved
  [  196] 08:54:58 SKIP forecast — pending unresolved
  [  197] 08:55:04 SKIP forecast — pending unresolved
  [  198] 08:55:10 SKIP forecast — pending unresolved
  [  199] 08:55:16 SKIP forecast — pending unresolved
  [  200] 08:55:21 RESOLVED id=btcusdt-190-1785043460547 act=0.367 c_err=0.056 q_err=0.633 ret=-0.00200
  [  200] 08:55:21 p=64516.6 c=0.423 q=1.000 δ=0.45 status=pending fallback=none target=08:56:21
  [  201] 08:55:28 SKIP forecast — pending unresolved
  [  202] 08:55:34 SKIP forecast — pending unresolved
  [  203] 08:55:40 SKIP forecast — pending unresolved
  [  204] 08:55:46 SKIP forecast — pending unresolved
  [  205] 08:55:51 SKIP forecast — pending unresolved
  [  206] 08:55:57 SKIP forecast — pending unresolved
  [  207] 08:56:03 SKIP forecast — pending unresolved
  [  208] 08:56:09 SKIP forecast — pending unresolved
  [  209] 08:56:15 SKIP forecast — pending unresolved
  [  210] 08:56:20 SKIP forecast — pending unresolved
  [  211] 08:56:26 RESOLVED id=btcusdt-200-1785043521889 act=0.500 c_err=0.077 q_err=0.500 ret=-0.00201
  [  211] 08:56:26 p=64516.2 c=0.485 q=0.554 δ=0.58 status=pending fallback=none target=08:57:26
  [  212] 08:56:32 SKIP forecast — pending unresolved
  [  213] 08:56:39 SKIP forecast — pending unresolved
  [  214] 08:56:44 SKIP forecast — pending unresolved
  [  215] 08:56:50 SKIP forecast — pending unresolved
  [  216] 08:56:56 SKIP forecast — pending unresolved
  [  217] 08:57:02 SKIP forecast — pending unresolved
  [  218] 08:57:08 SKIP forecast — pending unresolved
  [  219] 08:57:14 SKIP forecast — pending unresolved
  [  220] 08:57:19 SKIP forecast — pending unresolved
  [  221] 08:57:25 SKIP forecast — pending unresolved
  [  222] 08:57:31 RESOLVED id=btcusdt-211-1785043586736 act=0.433 c_err=0.051 q_err=0.121 ret=+0.00000
  [  222] 08:57:31 p=64515.0 c=0.478 q=0.819 δ=0.70 status=pending fallback=none target=08:58:31
  [  223] 08:57:37 SKIP forecast — pending unresolved
  [  224] 08:57:43 SKIP forecast — pending unresolved
  [  225] 08:57:49 SKIP forecast — pending unresolved
  [  226] 08:57:55 SKIP forecast — pending unresolved
  [  227] 08:58:01 SKIP forecast — pending unresolved
  [  228] 08:58:06 SKIP forecast — pending unresolved
  [  229] 08:58:12 SKIP forecast — pending unresolved
  [  230] 08:58:18 SKIP forecast — pending unresolved
  [  231] 08:58:25 SKIP forecast — pending unresolved
  [  232] 08:58:30 SKIP forecast — pending unresolved
  [  233] 08:58:36 RESOLVED id=btcusdt-222-1785043651627 act=0.433 c_err=0.044 q_err=0.386 ret=-0.00200
  [  233] 08:58:36 p=64515.0 c=0.477 q=0.654 δ=0.84 status=pending fallback=none target=08:59:36
  [  234] 08:58:42 SKIP forecast — pending unresolved
  [  235] 08:58:48 SKIP forecast — pending unresolved
  [  236] 08:58:54 SKIP forecast — pending unresolved
  [  237] 08:58:59 SKIP forecast — pending unresolved
  [  238] 08:59:05 SKIP forecast — pending unresolved
  [  239] 08:59:11 SKIP forecast — pending unresolved
  [  240] 08:59:17 SKIP forecast — pending unresolved
  [  241] 08:59:22 SKIP forecast — pending unresolved
  [  242] 08:59:28 SKIP forecast — pending unresolved
  [  243] 08:59:34 SKIP forecast — pending unresolved
  [  244] 08:59:40 RESOLVED id=btcusdt-233-1785043716676 act=0.467 c_err=0.010 q_err=0.187 ret=-0.00215
  [  244] 08:59:40 p=64505.3 c=0.503 q=0.617 δ=0.84 status=pending fallback=none target=09:00:40
  [  245] 08:59:46 SKIP forecast — pending unresolved
  [  246] 08:59:52 SKIP forecast — pending unresolved
  [  247] 08:59:59 SKIP forecast — pending unresolved
  [  248] 09:00:06 SKIP forecast — pending unresolved
  [  249] 09:00:12 SKIP forecast — pending unresolved
  [  250] 09:00:18 SKIP forecast — pending unresolved
  [  251] 09:00:23 SKIP forecast — pending unresolved
  [  252] 09:00:29 SKIP forecast — pending unresolved
  [  253] 09:00:35 SKIP forecast — pending unresolved
  [  254] 09:00:41 RESOLVED id=btcusdt-244-1785043780753 act=0.467 c_err=0.036 q_err=0.150 ret=-0.00215
  [  254] 09:00:41 p=64495.7 c=0.504 q=0.770 δ=0.86 status=pending fallback=none target=09:01:41
  [  255] 09:00:47 SKIP forecast — pending unresolved
  [  256] 09:00:53 SKIP forecast — pending unresolved
  [  257] 09:01:00 SKIP forecast — pending unresolved
  [  258] 09:01:06 SKIP forecast — pending unresolved
  [  259] 09:01:12 SKIP forecast — pending unresolved
  [  260] 09:01:17 SKIP forecast — pending unresolved
  [  261] 09:01:23 SKIP forecast — pending unresolved
  [  262] 09:01:29 SKIP forecast — pending unresolved
  [  263] 09:01:35 SKIP forecast — pending unresolved
  [  264] 09:01:41 RESOLVED id=btcusdt-254-1785043841501 act=0.433 c_err=0.070 q_err=0.337 ret=-0.00222
  [  264] 09:01:41 p=64481.8 c=0.472 q=0.608 δ=0.93 status=pending fallback=none target=09:02:41
  [  265] 09:01:47 SKIP forecast — pending unresolved
  [  266] 09:01:53 SKIP forecast — pending unresolved
  [  267] 09:01:59 SKIP forecast — pending unresolved
  [  268] 09:02:05 SKIP forecast — pending unresolved
  [  269] 09:02:11 SKIP forecast — pending unresolved
  [  270] 09:02:16 SKIP forecast — pending unresolved
  [  271] 09:02:22 SKIP forecast — pending unresolved
  [  272] 09:02:28 SKIP forecast — pending unresolved
  [  273] 09:02:34 SKIP forecast — pending unresolved
  [  274] 09:02:40 SKIP forecast — pending unresolved
  [  275] 09:02:46 RESOLVED id=btcusdt-264-1785043901813 act=0.400 c_err=0.072 q_err=0.208 ret=-0.00265
  [  275] 09:02:46 p=64439.6 c=0.504 q=0.573 δ=0.70 status=pending fallback=none target=09:03:46
  [  276] 09:02:53 SKIP forecast — pending unresolved
  [  277] 09:02:59 SKIP forecast — pending unresolved
  [  278] 09:03:05 SKIP forecast — pending unresolved
  [  279] 09:03:11 SKIP forecast — pending unresolved
  [  280] 09:03:17 SKIP forecast — pending unresolved
  [  281] 09:03:23 SKIP forecast — pending unresolved
  [  282] 09:03:29 SKIP forecast — pending unresolved
  [  283] 09:03:35 SKIP forecast — pending unresolved
  [  284] 09:03:40 SKIP forecast — pending unresolved
  [  285] 09:03:46 RESOLVED id=btcusdt-275-1785043966327 act=0.333 c_err=0.171 q_err=0.240 ret=+0.00000
  [  285] 09:03:46 p=64438.1 c=0.406 q=0.525 δ=0.95 status=pending fallback=none target=09:04:46
  [  286] 09:03:52 SKIP forecast — pending unresolved
  [  287] 09:03:58 SKIP forecast — pending unresolved
  [  288] 09:04:04 SKIP forecast — pending unresolved
  [  289] 09:04:09 SKIP forecast — pending unresolved
  [  290] 09:04:16 SKIP forecast — pending unresolved
  [  291] 09:04:22 SKIP forecast — pending unresolved
  [  292] 09:04:27 SKIP forecast — pending unresolved
  [  293] 09:04:34 SKIP forecast — pending unresolved
  [  294] 09:04:40 SKIP forecast — pending unresolved
  [  295] 09:04:45 SKIP forecast — pending unresolved
  [  296] 09:04:51 RESOLVED id=btcusdt-285-1785044026926 act=0.767 c_err=0.361 q_err=0.242 ret=+0.00000
  [  296] 09:04:51 p=64473.4 c=0.729 q=0.769 δ=1.16 status=pending fallback=none target=09:05:51
  [  297] 09:04:57 SKIP forecast — pending unresolved
  [  298] 09:05:03 SKIP forecast — pending unresolved
  [  299] 09:05:08 SKIP forecast — pending unresolved
  [  300] 09:05:14 SKIP forecast — pending unresolved
  [  301] 09:05:20 SKIP forecast — pending unresolved

  Signal 15 received, shutting down gracefully...

  Stopped at 2026-07-26 09:05:22
  Collected 302 observations, 27 predictions
  Saved to /home/manjaruhp/Pictures/Autonomous-AI-june2026/Exchange-Q/core/_live_results/btcusdt-quantum-1785042351.json

  FINAL: resolved=26; exploratory only — suppressing win/loss summary until n>=30

  FINAL: exploratory only — need at least 30 resolved eligible predictions
  QUANTUM-ONLY LIVE PIPELINE
  symbol=btcusdt  max_resolved=500  max_fetches=unlimited  max_runtime=unlimited
  horizon=60.0s  sample_interval=5.0s  window=15
  output=/home/manjaruhp/Pictures/Autonomous-AI-june2026/Exchange-Q/core/_live_results/btcusdt-quantum-1785044328.json
  database=/home/manjaruhp/Pictures/Autonomous-AI-june2026/Exchange-Q/core/_live_results/btcusdt-quantum-1785044328.sqlite3
  PID=1486822
  Started at 2026-07-26 09:08:48

  [    0] 09:08:49 WARMUP (1/15)
  [    1] 09:08:55 WARMUP (2/15)
  [    2] 09:09:01 WARMUP (3/15)
  [    3] 09:09:07 WARMUP (4/15)
  [    4] 09:09:13 WARMUP (5/15)
  [    5] 09:09:19 WARMUP (6/15)
  [    6] 09:09:24 WARMUP (7/15)
  [    7] 09:09:30 WARMUP (8/15)
  [    8] 09:09:36 WARMUP (9/15)
  [    9] 09:09:42 WARMUP (10/15)
  [   10] 09:09:47 WARMUP (11/15)
  [   11] 09:09:53 WARMUP (12/15)
  [   12] 09:09:59 WARMUP (13/15)
  [   13] 09:10:05 WARMUP (14/15)
  WARMUP complete — creating predictions for horizon=60.0s
  [   14] 09:10:11 p=64482.9 c=0.585 q=0.567 δ=0.78 status=pending fallback=saturation_gate target=09:11:11
  [   15] 09:10:16 SKIP forecast — pending unresolved
  [   16] 09:10:22 SKIP forecast — pending unresolved
  [   17] 09:10:28 SKIP forecast — pending unresolved
  [   18] 09:10:34 SKIP forecast — pending unresolved
  [   19] 09:10:40 SKIP forecast — pending unresolved
  [   20] 09:10:46 SKIP forecast — pending unresolved
  [   21] 09:10:52 SKIP forecast — pending unresolved
  [   22] 09:10:58 SKIP forecast — pending unresolved
  [   23] 09:11:04 SKIP forecast — pending unresolved
  [   24] 09:11:09 SKIP forecast — pending unresolved
  [   25] 09:11:17 RESOLVED id=btcusdt-14-1785044411242 act=0.567 c_err=0.018 q_err=0.000 ret=+0.00000
  [   25] 09:11:17 p=64482.9 c=0.585 q=0.567 δ=0.82 status=pending fallback=saturation_gate target=09:12:16
  [   26] 09:11:23 SKIP forecast — pending unresolved
  [   27] 09:11:29 SKIP forecast — pending unresolved
  [   28] 09:11:34 SKIP forecast — pending unresolved
  [   29] 09:11:40 SKIP forecast — pending unresolved
  [   30] 09:11:46 SKIP forecast — pending unresolved
  [   31] 09:11:52 SKIP forecast — pending unresolved
  [   32] 09:11:58 SKIP forecast — pending unresolved
  [   33] 09:12:04 SKIP forecast — pending unresolved
  [   34] 09:12:10 SKIP forecast — pending unresolved
  [   35] 09:12:16 SKIP forecast — pending unresolved
  [   36] 09:12:23 RESOLVED id=btcusdt-25-1785044476816 act=0.100 c_err=0.485 q_err=0.467 ret=+0.00000
  [   36] 09:12:23 p=64473.1 c=0.287 q=0.447 δ=0.81 status=pending fallback=saturation_gate target=09:13:22
  [   37] 09:12:29 SKIP forecast — pending unresolved
  [   38] 09:12:35 SKIP forecast — pending unresolved
  [   39] 09:12:41 SKIP forecast — pending unresolved
  [   40] 09:12:46 SKIP forecast — pending unresolved
  [   41] 09:12:52 SKIP forecast — pending unresolved
  [   42] 09:12:58 SKIP forecast — pending unresolved
  [   43] 09:13:04 SKIP forecast — pending unresolved
  [   44] 09:13:09 SKIP forecast — pending unresolved
  [   45] 09:13:15 SKIP forecast — pending unresolved
  [   46] 09:13:21 SKIP forecast — pending unresolved
  [   47] 09:13:28 RESOLVED id=btcusdt-36-1785044542195 act=0.300 c_err=0.013 q_err=0.147 ret=+0.00000
  [   47] 09:13:28 p=64480.4 c=0.368 q=0.317 δ=1.30 status=pending fallback=none target=09:14:27
  [   48] 09:13:34 SKIP forecast — pending unresolved
  [   49] 09:13:40 SKIP forecast — pending unresolved
  [   50] 09:13:46 SKIP forecast — pending unresolved
  [   51] 09:13:52 SKIP forecast — pending unresolved
  [   52] 09:13:58 SKIP forecast — pending unresolved
  [   53] 09:14:04 SKIP forecast — pending unresolved
  [   54] 09:14:10 SKIP forecast — pending unresolved
  [   55] 09:14:16 SKIP forecast — pending unresolved
  [   56] 09:14:21 SKIP forecast — pending unresolved
  [   57] 09:14:28 RESOLVED id=btcusdt-47-1785044607523 act=0.467 c_err=0.099 q_err=0.150 ret=+0.00000
  [   57] 09:14:28 p=64483.2 c=0.489 q=0.526 δ=1.18 status=pending fallback=none target=09:15:27
  [   58] 09:14:34 SKIP forecast — pending unresolved
  [   59] 09:14:40 SKIP forecast — pending unresolved
  [   60] 09:14:45 SKIP forecast — pending unresolved
  [   61] 09:14:51 SKIP forecast — pending unresolved
  [   62] 09:14:57 SKIP forecast — pending unresolved
  [   63] 09:15:03 SKIP forecast — pending unresolved
  [   64] 09:15:09 SKIP forecast — pending unresolved
  [   65] 09:15:14 SKIP forecast — pending unresolved
  [   66] 09:15:20 SKIP forecast — pending unresolved
  [   67] 09:15:26 SKIP forecast — pending unresolved
  [   68] 09:15:33 RESOLVED id=btcusdt-57-1785044667730 act=0.533 c_err=0.044 q_err=0.008 ret=+0.00000
  [   68] 09:15:33 p=64475.7 c=0.550 q=0.493 δ=1.11 status=pending fallback=saturation_gate target=09:16:32
  [   69] 09:15:39 SKIP forecast — pending unresolved
  [   70] 09:15:45 SKIP forecast — pending unresolved
  [   71] 09:15:51 SKIP forecast — pending unresolved
  [   72] 09:15:56 SKIP forecast — pending unresolved
  [   73] 09:16:02 SKIP forecast — pending unresolved
  [   74] 09:16:08 SKIP forecast — pending unresolved
  [   75] 09:16:14 SKIP forecast — pending unresolved
  [   76] 09:16:20 SKIP forecast — pending unresolved
  [   77] 09:16:25 SKIP forecast — pending unresolved
  [   78] 09:16:31 SKIP forecast — pending unresolved
  [   79] 09:16:38 RESOLVED id=btcusdt-68-1785044732213 act=0.567 c_err=0.017 q_err=0.073 ret=+0.00000
  [   79] 09:16:38 p=64475.7 c=0.586 q=0.540 δ=1.16 status=pending fallback=saturation_gate target=09:17:37
  [   80] 09:16:44 SKIP forecast — pending unresolved
  [   81] 09:16:50 SKIP forecast — pending unresolved
  [   82] 09:16:56 SKIP forecast — pending unresolved
  [   83] 09:17:02 SKIP forecast — pending unresolved
  [   84] 09:17:08 SKIP forecast — pending unresolved
  [   85] 09:17:14 SKIP forecast — pending unresolved
  [   86] 09:17:20 SKIP forecast — pending unresolved
  [   87] 09:17:26 SKIP forecast — pending unresolved
  [   88] 09:17:32 SKIP forecast — pending unresolved
  [   89] 09:17:38 RESOLVED id=btcusdt-79-1785044797545 act=0.600 c_err=0.014 q_err=0.060 ret=+0.00000
  [   89] 09:17:38 p=64475.8 c=0.601 q=0.655 δ=1.25 status=pending fallback=none target=09:18:37
  [   90] 09:17:44 SKIP forecast — pending unresolved
  [   91] 09:17:50 SKIP forecast — pending unresolved
  [   92] 09:17:56 SKIP forecast — pending unresolved
  [   93] 09:18:01 SKIP forecast — pending unresolved
  [   94] 09:18:07 SKIP forecast — pending unresolved
  [   95] 09:18:13 SKIP forecast — pending unresolved
  [   96] 09:18:19 SKIP forecast — pending unresolved
  [   97] 09:18:24 SKIP forecast — pending unresolved
  [   98] 09:18:30 SKIP forecast — pending unresolved
  [   99] 09:18:36 SKIP forecast — pending unresolved
  [  100] 09:18:43 RESOLVED id=btcusdt-89-1785044857775 act=0.567 c_err=0.034 q_err=0.088 ret=-0.00207
  [  100] 09:18:43 p=64471.0 c=0.582 q=0.587 δ=1.20 status=pending fallback=saturation_gate target=09:19:42
  [  101] 09:18:49 SKIP forecast — pending unresolved
  [  102] 09:18:55 SKIP forecast — pending unresolved
  [  103] 09:19:01 SKIP forecast — pending unresolved
  [  104] 09:19:08 SKIP forecast — pending unresolved
  [  105] 09:19:13 SKIP forecast — pending unresolved
  [  106] 09:19:19 SKIP forecast — pending unresolved
  [  107] 09:19:25 SKIP forecast — pending unresolved
  [  108] 09:19:31 SKIP forecast — pending unresolved
  [  109] 09:19:37 SKIP forecast — pending unresolved
  [  110] 09:19:44 RESOLVED id=btcusdt-100-1785044922245 act=0.533 c_err=0.049 q_err=0.053 ret=+0.00000
  [  110] 09:19:44 p=64471.0 c=0.568 q=0.569 δ=1.07 status=pending fallback=saturation_gate target=09:20:43
  [  111] 09:19:50 SKIP forecast — pending unresolved
  [  112] 09:19:56 SKIP forecast — pending unresolved
  [  113] 09:20:02 SKIP forecast — pending unresolved
  [  114] 09:20:08 SKIP forecast — pending unresolved
  [  115] 09:20:14 SKIP forecast — pending unresolved
  [  116] 09:20:20 SKIP forecast — pending unresolved
  [  117] 09:20:26 SKIP forecast — pending unresolved
  [  118] 09:20:31 SKIP forecast — pending unresolved
  [  119] 09:20:37 SKIP forecast — pending unresolved
  [  120] 09:20:44 RESOLVED id=btcusdt-110-1785044983583 act=0.500 c_err=0.068 q_err=0.069 ret=+0.00000
  [  120] 09:20:44 p=64471.0 c=0.530 q=0.533 δ=1.20 status=pending fallback=saturation_gate target=09:21:43
  [  121] 09:20:50 SKIP forecast — pending unresolved
  [  122] 09:20:56 SKIP forecast — pending unresolved
  [  123] 09:21:02 SKIP forecast — pending unresolved
  [  124] 09:21:08 SKIP forecast — pending unresolved
  [  125] 09:21:13 SKIP forecast — pending unresolved
  [  126] 09:21:19 SKIP forecast — pending unresolved
  [  127] 09:21:25 SKIP forecast — pending unresolved
  [  128] 09:21:31 SKIP forecast — pending unresolved
  [  129] 09:21:37 SKIP forecast — pending unresolved
  [  130] 09:21:43 SKIP forecast — pending unresolved
  [  131] 09:21:50 RESOLVED id=btcusdt-120-1785045043830 act=0.467 c_err=0.064 q_err=0.067 ret=+0.00000
  [  131] 09:21:50 p=64471.0 c=0.504 q=0.478 δ=1.08 status=pending fallback=saturation_gate target=09:22:49
  [  132] 09:21:56 SKIP forecast — pending unresolved
  [  133] 09:22:01 SKIP forecast — pending unresolved
  [  134] 09:22:07 SKIP forecast — pending unresolved
  [  135] 09:22:13 SKIP forecast — pending unresolved
  [  136] 09:22:19 SKIP forecast — pending unresolved
  [  137] 09:22:25 SKIP forecast — pending unresolved
  [  138] 09:22:31 SKIP forecast — pending unresolved
  [  139] 09:22:37 SKIP forecast — pending unresolved
  [  140] 09:22:43 SKIP forecast — pending unresolved
  [  141] 09:22:48 SKIP forecast — pending unresolved
  [  142] 09:22:55 RESOLVED id=btcusdt-131-1785045109266 act=1.000 c_err=0.496 q_err=0.522 ret=+0.00000
  [  142] 09:22:55 p=64459.9 c=0.406 q=0.393 δ=1.16 status=pending fallback=saturation_gate target=09:23:54
  [  143] 09:23:01 SKIP forecast — pending unresolved
  [  144] 09:23:07 SKIP forecast — pending unresolved
  [  145] 09:23:13 SKIP forecast — pending unresolved
  [  146] 09:23:18 SKIP forecast — pending unresolved
  [  147] 09:23:25 SKIP forecast — pending unresolved
  [  148] 09:23:31 SKIP forecast — pending unresolved
  [  149] 09:23:36 SKIP forecast — pending unresolved
  [  150] 09:23:42 SKIP forecast — pending unresolved
  [  151] 09:23:49 SKIP forecast — pending unresolved
  [  152] 09:23:56 RESOLVED id=btcusdt-142-1785045174793 act=0.367 c_err=0.039 q_err=0.027 ret=+0.00000
  [  152] 09:23:56 p=64459.9 c=0.422 q=0.353 δ=1.13 status=pending fallback=saturation_gate target=09:24:55
  [  153] 09:24:02 SKIP forecast — pending unresolved
  [  154] 09:24:08 SKIP forecast — pending unresolved
  [  155] 09:24:13 SKIP forecast — pending unresolved
  [  156] 09:24:19 SKIP forecast — pending unresolved
  [  157] 09:24:25 SKIP forecast — pending unresolved
  [  158] 09:24:31 SKIP forecast — pending unresolved
  [  159] 09:24:36 SKIP forecast — pending unresolved
  [  160] 09:24:42 SKIP forecast — pending unresolved
  [  161] 09:24:48 SKIP forecast — pending unresolved
  [  162] 09:24:54 SKIP forecast — pending unresolved
  [  163] 09:25:02 RESOLVED id=btcusdt-152-1785045235413 act=0.333 c_err=0.089 q_err=0.020 ret=+0.00000
  [  163] 09:25:02 p=64454.1 c=0.400 q=0.353 δ=1.05 status=pending fallback=saturation_gate target=09:26:00
  [  164] 09:25:08 SKIP forecast — pending unresolved
  [  165] 09:25:14 SKIP forecast — pending unresolved
  [  166] 09:25:20 SKIP forecast — pending unresolved
  [  167] 09:25:26 SKIP forecast — pending unresolved
  [  168] 09:25:31 SKIP forecast — pending unresolved
  [  169] 09:25:37 SKIP forecast — pending unresolved
  [  170] 09:25:43 SKIP forecast — pending unresolved
  [  171] 09:25:49 SKIP forecast — pending unresolved
  [  172] 09:25:55 SKIP forecast — pending unresolved
  [  173] 09:26:01 RESOLVED id=btcusdt-163-1785045300322 act=0.300 c_err=0.100 q_err=0.053 ret=+0.00000
  [  173] 09:26:01 p=64454.1 c=0.369 q=0.311 δ=1.01 status=pending fallback=saturation_gate target=09:27:01
  [  174] 09:26:07 SKIP forecast — pending unresolved
  [  175] 09:26:13 SKIP forecast — pending unresolved
  [  176] 09:26:20 SKIP forecast — pending unresolved
  [  177] 09:26:26 SKIP forecast — pending unresolved
  [  178] 09:26:32 SKIP forecast — pending unresolved
  [  179] 09:26:37 SKIP forecast — pending unresolved
  [  180] 09:26:43 SKIP forecast — pending unresolved
  [  181] 09:26:49 SKIP forecast — pending unresolved
  [  182] 09:26:55 SKIP forecast — pending unresolved
  [  183] 09:27:02 RESOLVED id=btcusdt-173-1785045361259 act=0.300 c_err=0.069 q_err=0.011 ret=+0.00000
  [  183] 09:27:02 p=64454.1 c=0.369 q=0.300 δ=1.00 status=pending fallback=saturation_gate target=09:28:01
  [  184] 09:27:08 SKIP forecast — pending unresolved
  [  185] 09:27:14 SKIP forecast — pending unresolved
  [  186] 09:27:20 SKIP forecast — pending unresolved
  [  187] 09:27:26 SKIP forecast — pending unresolved
  [  188] 09:27:32 SKIP forecast — pending unresolved
  [  189] 09:27:38 SKIP forecast — pending unresolved
  [  190] 09:27:43 SKIP forecast — pending unresolved
  [  191] 09:27:49 SKIP forecast — pending unresolved
  [  192] 09:27:55 SKIP forecast — pending unresolved
  [  193] 09:28:02 RESOLVED id=btcusdt-183-1785045421371 act=0.467 c_err=0.098 q_err=0.167 ret=+0.00000
  [  193] 09:28:02 p=64438.0 c=0.489 q=0.369 δ=0.98 status=pending fallback=saturation_gate target=09:29:01
  [  194] 09:28:07 SKIP forecast — pending unresolved
  [  195] 09:28:13 SKIP forecast — pending unresolved
  [  196] 09:28:19 SKIP forecast — pending unresolved
  [  197] 09:28:25 SKIP forecast — pending unresolved
  [  198] 09:28:31 SKIP forecast — pending unresolved
  [  199] 09:28:37 SKIP forecast — pending unresolved
  [  200] 09:28:43 SKIP forecast — pending unresolved
  [  201] 09:28:48 SKIP forecast — pending unresolved
  [  202] 09:28:54 SKIP forecast — pending unresolved
  [  203] 09:29:00 SKIP forecast — pending unresolved
  [  204] 09:29:07 RESOLVED id=btcusdt-193-1785045481419 act=1.000 c_err=0.511 q_err=0.631 ret=+0.00000
  [  204] 09:29:07 p=64435.0 c=0.556 q=0.507 δ=0.86 status=pending fallback=saturation_gate target=09:30:06
  [  205] 09:29:12 SKIP forecast — pending unresolved
  [  206] 09:29:18 SKIP forecast — pending unresolved
  [  207] 09:29:24 SKIP forecast — pending unresolved
  [  208] 09:29:30 SKIP forecast — pending unresolved
  [  209] 09:29:36 SKIP forecast — pending unresolved
  [  210] 09:29:41 SKIP forecast — pending unresolved
  [  211] 09:29:47 SKIP forecast — pending unresolved
  [  212] 09:29:53 SKIP forecast — pending unresolved
  [  213] 09:29:58 SKIP forecast — pending unresolved
  [  214] 09:30:09 RESOLVED id=btcusdt-204-1785045546282 act=0.667 c_err=0.111 q_err=0.160 ret=+0.00000
  [  214] 09:30:09 p=64429.4 c=0.624 q=0.540 δ=0.82 status=pending fallback=saturation_gate target=09:31:08
  [  215] 09:30:15 SKIP forecast — pending unresolved
  [  216] 09:30:21 SKIP forecast — pending unresolved
  [  217] 09:30:28 SKIP forecast — pending unresolved
  [  218] 09:30:33 SKIP forecast — pending unresolved
  [  219] 09:30:39 SKIP forecast — pending unresolved
  [  220] 09:30:45 SKIP forecast — pending unresolved
  [  221] 09:30:51 SKIP forecast — pending unresolved
  [  222] 09:30:56 SKIP forecast — pending unresolved
  [  223] 09:31:02 SKIP forecast — pending unresolved
  [  224] 09:31:08 SKIP forecast — pending unresolved
  [  225] 09:31:15 RESOLVED id=btcusdt-214-1785045608962 act=0.667 c_err=0.042 q_err=0.127 ret=+0.00000
  [  225] 09:31:15 p=64429.4 c=0.665 q=0.647 δ=0.65 status=pending fallback=saturation_gate target=09:32:14
  [  226] 09:31:21 SKIP forecast — pending unresolved
  [  227] 09:31:27 SKIP forecast — pending unresolved
  [  228] 09:31:33 SKIP forecast — pending unresolved
  [  229] 09:31:38 SKIP forecast — pending unresolved
  [  230] 09:31:44 SKIP forecast — pending unresolved
  [  231] 09:31:50 SKIP forecast — pending unresolved
  [  232] 09:31:56 SKIP forecast — pending unresolved
  [  233] 09:32:02 SKIP forecast — pending unresolved
  [  234] 09:32:08 SKIP forecast — pending unresolved
  [  235] 09:32:13 SKIP forecast — pending unresolved
  [  236] 09:32:20 RESOLVED id=btcusdt-225-1785045674598 act=0.667 c_err=0.002 q_err=0.020 ret=-0.00200
  [  236] 09:32:20 p=64429.4 c=0.665 q=0.667 δ=0.52 status=pending fallback=saturation_gate target=09:33:19
  [  237] 09:32:26 SKIP forecast — pending unresolved
  [  238] 09:32:32 SKIP forecast — pending unresolved
  [  239] 09:32:37 SKIP forecast — pending unresolved
  [  240] 09:32:43 SKIP forecast — pending unresolved
  [  241] 09:32:49 SKIP forecast — pending unresolved
  [  242] 09:32:55 SKIP forecast — pending unresolved
  [  243] 09:33:00 SKIP forecast — pending unresolved
  [  244] 09:33:06 SKIP forecast — pending unresolved
  [  245] 09:33:12 SKIP forecast — pending unresolved
  [  246] 09:33:18 SKIP forecast — pending unresolved
  [  247] 09:33:25 RESOLVED id=btcusdt-236-1785045739886 act=0.633 c_err=0.032 q_err=0.033 ret=-0.00202
  [  247] 09:33:25 p=64427.8 c=0.643 q=0.653 δ=0.55 status=pending fallback=saturation_gate target=09:34:24
  [  248] 09:33:31 SKIP forecast — pending unresolved
  [  249] 09:33:37 SKIP forecast — pending unresolved
  [  250] 09:33:43 SKIP forecast — pending unresolved
  [  251] 09:33:49 SKIP forecast — pending unresolved
  [  252] 09:33:54 SKIP forecast — pending unresolved
  [  253] 09:34:00 SKIP forecast — pending unresolved
  [  254] 09:34:06 SKIP forecast — pending unresolved
  [  255] 09:34:12 SKIP forecast — pending unresolved
  [  256] 09:34:17 SKIP forecast — pending unresolved
  [  257] 09:34:23 SKIP forecast — pending unresolved
  [  258] 09:34:30 RESOLVED id=btcusdt-247-1785045804440 act=0.833 c_err=0.190 q_err=0.180 ret=-0.00186
  [  258] 09:34:30 p=64437.1 c=0.774 q=0.702 δ=0.66 status=pending fallback=saturation_gate target=09:35:29
  [  259] 09:34:36 SKIP forecast — pending unresolved
  [  260] 09:34:42 SKIP forecast — pending unresolved
  [  261] 09:34:47 SKIP forecast — pending unresolved
  [  262] 09:34:53 SKIP forecast — pending unresolved
  [  263] 09:34:59 SKIP forecast — pending unresolved
  [  264] 09:35:05 SKIP forecast — pending unresolved
  [  265] 09:35:11 SKIP forecast — pending unresolved
  [  266] 09:35:17 SKIP forecast — pending unresolved
  [  267] 09:35:23 SKIP forecast — pending unresolved
  [  268] 09:35:30 RESOLVED id=btcusdt-258-1785045869478 act=0.033 c_err=0.741 q_err=0.669 ret=-0.00231
  [  268] 09:35:30 p=64417.0 c=0.212 q=0.436 δ=1.16 status=pending fallback=saturation_gate target=09:36:29
  [  269] 09:35:36 SKIP forecast — pending unresolved
  [  270] 09:35:41 SKIP forecast — pending unresolved
  [  271] 09:35:47 SKIP forecast — pending unresolved
  [  272] 09:35:53 SKIP forecast — pending unresolved
  [  273] 09:35:59 SKIP forecast — pending unresolved
  [  274] 09:36:04 SKIP forecast — pending unresolved
  [  275] 09:36:10 SKIP forecast — pending unresolved
  [  276] 09:36:16 SKIP forecast — pending unresolved
  [  277] 09:36:22 SKIP forecast — pending unresolved
  [  278] 09:36:27 SKIP forecast — pending unresolved
  [  279] 09:36:34 RESOLVED id=btcusdt-268-1785045929632 act=0.067 c_err=0.145 q_err=0.369 ret=+0.00000
  [  279] 09:36:34 p=64408.9 c=0.178 q=0.079 δ=1.00 status=pending fallback=none target=09:37:33
  [  280] 09:36:40 SKIP forecast — pending unresolved
  [  281] 09:36:46 SKIP forecast — pending unresolved
  [  282] 09:36:52 SKIP forecast — pending unresolved
  [  283] 09:36:57 SKIP forecast — pending unresolved
  [  284] 09:37:03 SKIP forecast — pending unresolved
  [  285] 09:37:09 SKIP forecast — pending unresolved
  [  286] 09:37:16 SKIP forecast — pending unresolved
  [  287] 09:37:21 SKIP forecast — pending unresolved
  [  288] 09:37:27 SKIP forecast — pending unresolved
  [  289] 09:37:33 SKIP forecast — pending unresolved
  [  290] 09:37:39 RESOLVED id=btcusdt-279-1785045993615 act=0.067 c_err=0.111 q_err=0.012 ret=+0.00000
  [  290] 09:37:39 p=64388.3 c=0.179 q=0.104 δ=0.98 status=pending fallback=none target=09:38:39
  [  291] 09:37:45 SKIP forecast — pending unresolved
  [  292] 09:37:51 SKIP forecast — pending unresolved
  [  293] 09:37:57 SKIP forecast — pending unresolved
  [  294] 09:38:03 SKIP forecast — pending unresolved
  [  295] 09:38:08 SKIP forecast — pending unresolved
  [  296] 09:38:14 SKIP forecast — pending unresolved
  [  297] 09:38:20 SKIP forecast — pending unresolved
  [  298] 09:38:26 SKIP forecast — pending unresolved
  [  299] 09:38:32 SKIP forecast — pending unresolved
  [  300] 09:38:37 SKIP forecast — pending unresolved
  [  301] 09:38:44 RESOLVED id=btcusdt-290-1785046059162 act=0.267 c_err=0.088 q_err=0.163 ret=+0.00000
  [  301] 09:38:44 p=64379.9 c=0.338 q=0.167 δ=0.62 status=pending fallback=none target=09:39:43
  [  302] 09:38:50 SKIP forecast — pending unresolved
  [  303] 09:38:56 SKIP forecast — pending unresolved
  [  304] 09:39:02 SKIP forecast — pending unresolved
  [  305] 09:39:08 SKIP forecast — pending unresolved
  [  306] 09:39:14 SKIP forecast — pending unresolved
  [  307] 09:39:19 SKIP forecast — pending unresolved
  [  308] 09:39:25 SKIP forecast — pending unresolved
  [  309] 09:39:31 SKIP forecast — pending unresolved
  [  310] 09:39:36 SKIP forecast — pending unresolved
  [  311] 09:39:42 SKIP forecast — pending unresolved
  [  312] 09:39:48 RESOLVED id=btcusdt-301-1785046123614 act=0.300 c_err=0.038 q_err=0.133 ret=+0.00000
  [  312] 09:39:48 p=64386.6 c=0.365 q=0.256 δ=0.62 status=pending fallback=saturation_gate target=09:40:48
  [  313] 09:39:54 SKIP forecast — pending unresolved
  [  314] 09:40:00 SKIP forecast — pending unresolved
  [  315] 09:40:06 SKIP forecast — pending unresolved
  [  316] 09:40:11 SKIP forecast — pending unresolved
  [  317] 09:40:17 SKIP forecast — pending unresolved
  [  318] 09:40:23 SKIP forecast — pending unresolved
  [  319] 09:40:29 SKIP forecast — pending unresolved
  [  320] 09:40:35 SKIP forecast — pending unresolved
  [  321] 09:40:40 SKIP forecast — pending unresolved
  [  322] 09:40:47 SKIP forecast — pending unresolved
  [  323] 09:40:53 RESOLVED id=btcusdt-312-1785046188250 act=0.300 c_err=0.065 q_err=0.044 ret=+0.00000
  [  323] 09:40:53 p=64386.6 c=0.369 q=0.300 δ=0.63 status=pending fallback=saturation_gate target=09:41:52
  [  324] 09:40:59 SKIP forecast — pending unresolved
  [  325] 09:41:05 SKIP forecast — pending unresolved
  [  326] 09:41:10 SKIP forecast — pending unresolved
  [  327] 09:41:16 SKIP forecast — pending unresolved
  [  328] 09:41:22 SKIP forecast — pending unresolved
  [  329] 09:41:28 SKIP forecast — pending unresolved
  [  330] 09:41:34 SKIP forecast — pending unresolved
  [  331] 09:41:39 SKIP forecast — pending unresolved
  [  332] 09:41:45 SKIP forecast — pending unresolved
  [  333] 09:41:51 SKIP forecast — pending unresolved
  [  334] 09:41:59 RESOLVED id=btcusdt-323-1785046252969 act=0.233 c_err=0.135 q_err=0.067 ret=+0.00000
         --- resolved 30: quantum wins 12/30 (40%) trades=5 avg_ret=-0.00205
  [  334] 09:41:59 p=64386.6 c=0.322 q=0.269 δ=0.46 status=pending fallback=saturation_gate target=09:42:57
  [  335] 09:42:05 SKIP forecast — pending unresolved
  [  336] 09:42:12 SKIP forecast — pending unresolved
  [  337] 09:42:18 SKIP forecast — pending unresolved
  [  338] 09:42:24 SKIP forecast — pending unresolved
  [  339] 09:42:31 SKIP forecast — pending unresolved
  [  340] 09:42:37 SKIP forecast — pending unresolved
  [  341] 09:42:43 SKIP forecast — pending unresolved
  [  342] 09:42:49 SKIP forecast — pending unresolved
  [  343] 09:42:56 SKIP forecast — pending unresolved
  [  344] 09:43:03 RESOLVED id=btcusdt-334-1785046317994 act=0.267 c_err=0.055 q_err=0.002 ret=+0.00000
         --- resolved 31: quantum wins 13/31 (42%) trades=5 avg_ret=-0.00205
  [  344] 09:43:03 p=64367.1 c=0.340 q=0.253 δ=0.60 status=pending fallback=saturation_gate target=09:44:02
  [  345] 09:43:09 SKIP forecast — pending unresolved
  [  346] 09:43:15 SKIP forecast — pending unresolved
  [  347] 09:43:22 SKIP forecast — pending unresolved
  [  348] 09:43:28 SKIP forecast — pending unresolved
  [  349] 09:43:35 SKIP forecast — pending unresolved
  [  350] 09:43:41 SKIP forecast — pending unresolved
  [  351] 09:43:47 SKIP forecast — pending unresolved
  [  352] 09:43:53 SKIP forecast — pending unresolved
  [  353] 09:43:59 SKIP forecast — pending unresolved
  [  354] 09:44:06 RESOLVED id=btcusdt-344-1785046382996 act=0.300 c_err=0.040 q_err=0.047 ret=+0.00000
         --- resolved 32: quantum wins 13/32 (41%) trades=5 avg_ret=-0.00205
  [  354] 09:44:06 p=64367.1 c=0.357 q=0.365 δ=0.82 status=pending fallback=none target=09:45:05
  [  355] 09:44:13 SKIP forecast — pending unresolved
  [  356] 09:44:19 SKIP forecast — pending unresolved
  [  357] 09:44:25 SKIP forecast — pending unresolved

  Signal 15 received, shutting down gracefully...

  Signal 15 received, shutting down gracefully...
  [  358] 09:44:31 SKIP forecast — pending unresolved

  Stopped at 2026-07-26 09:44:31
  Collected 359 observations, 33 predictions
  Saved to /home/manjaruhp/Pictures/Autonomous-AI-june2026/Exchange-Q/core/_live_results/btcusdt-quantum-1785044328.json

  FINAL: resolved=32 quantum wins 13/32 (40.6%)  c_err=0.1282  q_err=0.1449  trades=5 avg_ret=-0.00205

  FINAL: exploratory summary only — need n>=720 for significance report
  QUANTUM-ONLY LIVE PIPELINE
  symbol=btcusdt  max_resolved=500  max_fetches=unlimited  max_runtime=unlimited
  horizon=60.0s  sample_interval=5.0s  window=15
  output=/home/manjaruhp/Pictures/Autonomous-AI-june2026/Exchange-Q/core/_live_results/btcusdt-quantum-1785046520.json
  database=/home/manjaruhp/Pictures/Autonomous-AI-june2026/Exchange-Q/core/_live_results/btcusdt-quantum-1785046520.sqlite3
  PID=1494065
  Started at 2026-07-26 09:45:20

  [    0] 09:45:22 WARMUP (1/15)
  [    1] 09:45:28 WARMUP (2/15)
  [    2] 09:45:34 WARMUP (3/15)
  [    3] 09:45:40 WARMUP (4/15)
  [    4] 09:45:46 WARMUP (5/15)
  [    5] 09:45:52 WARMUP (6/15)
  [    6] 09:45:58 WARMUP (7/15)
  [    7] 09:46:05 WARMUP (8/15)
  [    8] 09:46:11 WARMUP (9/15)
  [    9] 09:46:17 WARMUP (10/15)
  [   10] 09:46:23 WARMUP (11/15)
  [   11] 09:46:29 WARMUP (12/15)
  [   12] 09:46:36 WARMUP (13/15)
  [   13] 09:46:42 WARMUP (14/15)
  WARMUP complete — creating predictions for horizon=60.0s
  [   14] 09:46:49 p=64363.0 c=0.408 q=0.298 δ=1.41 status=pending fallback=none target=09:47:49
  [   15] 09:46:55 SKIP forecast — pending unresolved
  [   16] 09:47:02 SKIP forecast — pending unresolved
  [   17] 09:47:08 SKIP forecast — pending unresolved
  [   18] 09:47:15 SKIP forecast — pending unresolved
  [   19] 09:47:21 SKIP forecast — pending unresolved
  [   20] 09:47:27 SKIP forecast — pending unresolved
  [   21] 09:47:33 SKIP forecast — pending unresolved
  [   22] 09:47:40 SKIP forecast — pending unresolved
  [   23] 09:47:46 SKIP forecast — pending unresolved
  [   24] 09:47:54 RESOLVED id=btcusdt-14-1785046609051 act=0.625 c_err=0.217 q_err=0.327 ret=+0.00000
  [   24] 09:47:54 p=64363.0 c=0.550 q=0.573 δ=1.10 status=pending fallback=none target=09:48:52
  [   25] 09:48:00 SKIP forecast — pending unresolved
  [   26] 09:48:06 SKIP forecast — pending unresolved
  [   27] 09:48:12 SKIP forecast — pending unresolved
  [   28] 09:48:18 SKIP forecast — pending unresolved
  [   29] 09:48:25 SKIP forecast — pending unresolved
  [   30] 09:48:31 SKIP forecast — pending unresolved
  [   31] 09:48:37 SKIP forecast — pending unresolved
  [   32] 09:48:43 SKIP forecast — pending unresolved
  [   33] 09:48:49 SKIP forecast — pending unresolved
  [   34] 09:48:56 RESOLVED id=btcusdt-24-1785046672909 act=0.000 c_err=0.550 q_err=0.573 ret=+0.00000
  [   34] 09:48:56 p=64367.4 c=0.611 q=0.670 δ=1.06 status=pending fallback=none target=09:49:55
  [   35] 09:49:02 SKIP forecast — pending unresolved
  [   36] 09:49:08 SKIP forecast — pending unresolved
  [   37] 09:49:14 SKIP forecast — pending unresolved
  [   38] 09:49:21 SKIP forecast — pending unresolved
  [   39] 09:49:27 SKIP forecast — pending unresolved
  [   40] 09:49:33 SKIP forecast — pending unresolved
  [   41] 09:49:39 SKIP forecast — pending unresolved
  [   42] 09:49:45 SKIP forecast — pending unresolved
  [   43] 09:49:51 SKIP forecast — pending unresolved
  [   44] 09:49:59 RESOLVED id=btcusdt-34-1785046735352 act=0.111 c_err=0.499 q_err=0.559 ret=-0.00229
  [   44] 09:49:59 p=64348.6 c=0.512 q=0.562 δ=0.90 status=pending fallback=saturation_gate target=09:50:57
  [   45] 09:50:05 SKIP forecast — pending unresolved
  [   46] 09:50:11 SKIP forecast — pending unresolved
  [   47] 09:50:17 SKIP forecast — pending unresolved
  [   48] 09:50:24 SKIP forecast — pending unresolved
  [   49] 09:50:30 SKIP forecast — pending unresolved
  [   50] 09:50:36 SKIP forecast — pending unresolved
  [   51] 09:50:42 SKIP forecast — pending unresolved
  [   52] 09:50:48 SKIP forecast — pending unresolved
  [   53] 09:50:54 SKIP forecast — pending unresolved
  [   54] 09:51:02 RESOLVED id=btcusdt-44-1785046797901 act=0.000 c_err=0.512 q_err=0.562 ret=+0.00000
  [   54] 09:51:02 p=64335.8 c=0.320 q=0.396 δ=0.97 status=pending fallback=saturation_gate target=09:52:00
  [   55] 09:51:08 SKIP forecast — pending unresolved
  [   56] 09:51:14 SKIP forecast — pending unresolved
  [   57] 09:51:20 SKIP forecast — pending unresolved
  [   58] 09:51:26 SKIP forecast — pending unresolved
  [   59] 09:51:32 SKIP forecast — pending unresolved
  [   60] 09:51:38 SKIP forecast — pending unresolved
  [   61] 09:51:44 SKIP forecast — pending unresolved
  [   62] 09:51:50 SKIP forecast — pending unresolved
  [   63] 09:51:56 SKIP forecast — pending unresolved
  [   64] 09:52:04 RESOLVED id=btcusdt-54-1785046860983 act=0.143 c_err=0.178 q_err=0.253 ret=+0.00000
  [   64] 09:52:04 p=64321.9 c=0.178 q=0.207 δ=0.78 status=pending fallback=none target=09:53:03
  [   65] 09:52:10 SKIP forecast — pending unresolved
  [   66] 09:52:16 SKIP forecast — pending unresolved
  [   67] 09:52:22 SKIP forecast — pending unresolved
  [   68] 09:52:28 SKIP forecast — pending unresolved
  [   69] 09:52:34 SKIP forecast — pending unresolved
  [   70] 09:52:40 SKIP forecast — pending unresolved
  [   71] 09:52:47 SKIP forecast — pending unresolved
  [   72] 09:52:53 SKIP forecast — pending unresolved
  [   73] 09:52:59 SKIP forecast — pending unresolved
  [   74] 09:53:06 RESOLVED id=btcusdt-64-1785046923004 act=0.857 c_err=0.679 q_err=0.650 ret=+0.00000
  [   74] 09:53:06 p=64312.0 c=0.359 q=0.168 δ=0.77 status=pending fallback=none target=09:54:05
  [   75] 09:53:13 SKIP forecast — pending unresolved
  [   76] 09:53:19 SKIP forecast — pending unresolved
  [   77] 09:53:25 SKIP forecast — pending unresolved
  [   78] 09:53:31 SKIP forecast — pending unresolved
  [   79] 09:53:37 SKIP forecast — pending unresolved
  [   80] 09:53:43 SKIP forecast — pending unresolved
  [   81] 09:53:50 SKIP forecast — pending unresolved
  [   82] 09:53:56 SKIP forecast — pending unresolved
  [   83] 09:54:02 SKIP forecast — pending unresolved
  [   84] 09:54:10 RESOLVED id=btcusdt-74-1785046985489 act=0.000 c_err=0.359 q_err=0.168 ret=+0.00000
  [   84] 09:54:10 p=64310.0 c=0.314 q=0.337 δ=0.88 status=pending fallback=none target=09:55:08
  [   85] 09:54:16 SKIP forecast — pending unresolved
  [   86] 09:54:22 SKIP forecast — pending unresolved
  [   87] 09:54:28 SKIP forecast — pending unresolved
  [   88] 09:54:34 SKIP forecast — pending unresolved
  [   89] 09:54:41 SKIP forecast — pending unresolved
  [   90] 09:54:47 SKIP forecast — pending unresolved
  [   91] 09:54:53 SKIP forecast — pending unresolved
  [   92] 09:55:00 SKIP forecast — pending unresolved
  [   93] 09:55:06 SKIP forecast — pending unresolved
  [   94] 09:55:12 RESOLVED id=btcusdt-84-1785047048830 act=0.556 c_err=0.241 q_err=0.219 ret=+0.00000
  [   94] 09:55:12 p=64306.5 c=0.445 q=0.276 δ=0.72 status=pending fallback=saturation_gate target=09:56:11
  [   95] 09:55:19 SKIP forecast — pending unresolved
  [   96] 09:55:25 SKIP forecast — pending unresolved
  [   97] 09:55:31 SKIP forecast — pending unresolved
  [   98] 09:55:37 SKIP forecast — pending unresolved
  [   99] 09:55:43 SKIP forecast — pending unresolved
  [  100] 09:55:49 SKIP forecast — pending unresolved
  [  101] 09:55:55 SKIP forecast — pending unresolved
  [  102] 09:56:01 SKIP forecast — pending unresolved
  [  103] 09:56:07 SKIP forecast — pending unresolved
  [  104] 09:56:15 RESOLVED id=btcusdt-94-1785047111990 act=1.000 c_err=0.555 q_err=0.724 ret=+0.00000
  [  104] 09:56:15 p=64313.8 c=0.554 q=0.471 δ=0.89 status=pending fallback=saturation_gate target=09:57:13
  [  105] 09:56:21 SKIP forecast — pending unresolved
  [  106] 09:56:27 SKIP forecast — pending unresolved
  [  107] 09:56:33 SKIP forecast — pending unresolved
  [  108] 09:56:39 SKIP forecast — pending unresolved
  [  109] 09:56:45 SKIP forecast — pending unresolved
  [  110] 09:56:52 SKIP forecast — pending unresolved
  [  111] 09:56:58 SKIP forecast — pending unresolved
  [  112] 09:57:05 SKIP forecast — pending unresolved
  [  113] 09:57:11 SKIP forecast — pending unresolved
  [  114] 09:57:18 RESOLVED id=btcusdt-104-1785047173847 act=0.267 c_err=0.288 q_err=0.204 ret=+0.00000
  [  114] 09:57:18 p=64311.8 c=0.456 q=0.560 δ=0.63 status=pending fallback=saturation_gate target=09:58:17
  [  115] 09:57:24 SKIP forecast — pending unresolved
  [  116] 09:57:30 SKIP forecast — pending unresolved
  [  117] 09:57:37 SKIP forecast — pending unresolved
  [  118] 09:57:43 SKIP forecast — pending unresolved
  [  119] 09:57:49 SKIP forecast — pending unresolved
  [  120] 09:57:55 SKIP forecast — pending unresolved
  [  121] 09:58:01 SKIP forecast — pending unresolved
  [  122] 09:58:08 SKIP forecast — pending unresolved
  [  123] 09:58:14 SKIP forecast — pending unresolved
  [  124] 09:58:21 RESOLVED id=btcusdt-114-1785047237618 act=0.750 c_err=0.294 q_err=0.190 ret=+0.00000
  [  124] 09:58:21 p=64314.1 c=0.554 q=0.520 δ=0.62 status=pending fallback=saturation_gate target=09:59:20
  [  125] 09:58:28 SKIP forecast — pending unresolved
  [  126] 09:58:34 SKIP forecast — pending unresolved
  [  127] 09:58:40 SKIP forecast — pending unresolved
  [  128] 09:58:46 SKIP forecast — pending unresolved
  [  129] 09:58:52 SKIP forecast — pending unresolved
  [  130] 09:58:58 SKIP forecast — pending unresolved
  [  131] 09:59:04 SKIP forecast — pending unresolved
  [  132] 09:59:10 SKIP forecast — pending unresolved
  [  133] 09:59:16 SKIP forecast — pending unresolved
  [  134] 09:59:24 RESOLVED id=btcusdt-124-1785047300885 act=0.533 c_err=0.020 q_err=0.013 ret=+0.00000
  [  134] 09:59:24 p=64314.1 c=0.558 q=0.533 δ=0.71 status=pending fallback=saturation_gate target=10:00:22
  [  135] 09:59:30 SKIP forecast — pending unresolved
  [  136] 09:59:36 SKIP forecast — pending unresolved
  [  137] 09:59:42 SKIP forecast — pending unresolved
  [  138] 09:59:48 SKIP forecast — pending unresolved
  [  139] 09:59:54 SKIP forecast — pending unresolved
  [  140] 10:00:00 SKIP forecast — pending unresolved
  [  141] 10:00:06 SKIP forecast — pending unresolved
  [  142] 10:00:13 SKIP forecast — pending unresolved
  [  143] 10:00:19 SKIP forecast — pending unresolved
  [  144] 10:00:26 RESOLVED id=btcusdt-134-1785047362888 act=0.000 c_err=0.558 q_err=0.533 ret=+0.00000
  [  144] 10:00:26 p=64311.3 c=0.455 q=0.491 δ=0.53 status=pending fallback=saturation_gate target=10:01:25
  [  145] 10:00:32 SKIP forecast — pending unresolved
  [  146] 10:00:38 SKIP forecast — pending unresolved
  [  147] 10:00:44 SKIP forecast — pending unresolved
  [  148] 10:00:50 SKIP forecast — pending unresolved
  [  149] 10:00:56 SKIP forecast — pending unresolved
  [  150] 10:01:03 SKIP forecast — pending unresolved
  [  151] 10:01:09 SKIP forecast — pending unresolved
  [  152] 10:01:15 SKIP forecast — pending unresolved
  [  153] 10:01:21 SKIP forecast — pending unresolved
  [  154] 10:01:28 RESOLVED id=btcusdt-144-1785047425561 act=0.000 c_err=0.455 q_err=0.491 ret=+0.00000
  [  154] 10:01:28 p=64309.0 c=0.252 q=0.414 δ=1.27 status=pending fallback=none target=10:02:27
  [  155] 10:01:34 SKIP forecast — pending unresolved
  [  156] 10:01:40 SKIP forecast — pending unresolved
  [  157] 10:01:46 SKIP forecast — pending unresolved
  [  158] 10:01:52 SKIP forecast — pending unresolved
  [  159] 10:01:59 SKIP forecast — pending unresolved
  [  160] 10:02:05 SKIP forecast — pending unresolved
  [  161] 10:02:11 SKIP forecast — pending unresolved
  [  162] 10:02:19 SKIP forecast — pending unresolved
  [  163] 10:02:25 SKIP forecast — pending unresolved
  [  164] 10:02:32 RESOLVED id=btcusdt-154-1785047487556 act=1.000 c_err=0.748 q_err=0.586 ret=+0.00000
  [  164] 10:02:32 p=64327.6 c=0.716 q=0.387 δ=0.78 status=pending fallback=saturation_gate target=10:03:31
  [  165] 10:02:38 SKIP forecast — pending unresolved
  [  166] 10:02:44 SKIP forecast — pending unresolved
  [  167] 10:02:51 SKIP forecast — pending unresolved
  [  168] 10:02:57 SKIP forecast — pending unresolved
  [  169] 10:03:03 SKIP forecast — pending unresolved
  [  170] 10:03:09 SKIP forecast — pending unresolved
  [  171] 10:03:15 SKIP forecast — pending unresolved
  [  172] 10:03:21 SKIP forecast — pending unresolved
  [  173] 10:03:27 SKIP forecast — pending unresolved
  [  174] 10:03:34 RESOLVED id=btcusdt-164-1785047551228 act=0.800 c_err=0.084 q_err=0.413 ret=+0.00000
  [  174] 10:03:34 p=64327.6 c=0.771 q=0.756 δ=0.56 status=pending fallback=saturation_gate target=10:04:33
  [  175] 10:03:41 SKIP forecast — pending unresolved
  [  176] 10:03:47 SKIP forecast — pending unresolved
  [  177] 10:03:53 SKIP forecast — pending unresolved
  [  178] 10:03:59 SKIP forecast — pending unresolved
  [  179] 10:04:06 SKIP forecast — pending unresolved
  [  180] 10:04:11 SKIP forecast — pending unresolved
  [  181] 10:04:17 SKIP forecast — pending unresolved
  [  182] 10:04:24 SKIP forecast — pending unresolved
  [  183] 10:04:30 SKIP forecast — pending unresolved
  [  184] 10:04:38 RESOLVED id=btcusdt-174-1785047613794 act=0.778 c_err=0.007 q_err=0.022 ret=-0.00177
  [  184] 10:04:38 p=64342.1 c=0.873 q=0.876 δ=0.86 status=pending fallback=saturation_gate target=10:05:37
  [  185] 10:04:44 SKIP forecast — pending unresolved
  [  186] 10:04:50 SKIP forecast — pending unresolved
  [  187] 10:04:56 SKIP forecast — pending unresolved
  [  188] 10:05:03 SKIP forecast — pending unresolved
  [  189] 10:05:09 SKIP forecast — pending unresolved
  [  190] 10:05:15 SKIP forecast — pending unresolved
  [  191] 10:05:21 SKIP forecast — pending unresolved
  [  192] 10:05:27 SKIP forecast — pending unresolved
  [  193] 10:05:33 SKIP forecast — pending unresolved
  [  194] 10:05:41 RESOLVED id=btcusdt-184-1785047677193 act=0.552 c_err=0.321 q_err=0.324 ret=-0.00168
  [  194] 10:05:41 p=64362.5 c=0.569 q=0.738 δ=0.96 status=pending fallback=saturation_gate target=10:06:40
  [  195] 10:05:47 SKIP forecast — pending unresolved
  [  196] 10:05:53 SKIP forecast — pending unresolved
  [  197] 10:06:00 SKIP forecast — pending unresolved
  [  198] 10:06:06 SKIP forecast — pending unresolved
  [  199] 10:06:12 SKIP forecast — pending unresolved
  [  200] 10:06:18 SKIP forecast — pending unresolved
  [  201] 10:06:24 SKIP forecast — pending unresolved
  [  202] 10:06:30 SKIP forecast — pending unresolved
  [  203] 10:06:36 SKIP forecast — pending unresolved
  [  204] 10:06:44 RESOLVED id=btcusdt-194-1785047740177 act=0.567 c_err=0.003 q_err=0.171 ret=-0.00200
  [  204] 10:06:44 p=64362.3 c=0.590 q=0.573 δ=0.96 status=pending fallback=saturation_gate target=10:07:42
  [  205] 10:06:51 SKIP forecast — pending unresolved
  [  206] 10:06:57 SKIP forecast — pending unresolved
  [  207] 10:07:03 SKIP forecast — pending unresolved
  [  208] 10:07:10 SKIP forecast — pending unresolved
  [  209] 10:07:16 SKIP forecast — pending unresolved
  [  210] 10:07:23 SKIP forecast — pending unresolved
  [  211] 10:07:29 SKIP forecast — pending unresolved
  [  212] 10:07:35 SKIP forecast — pending unresolved
  [  213] 10:07:42 SKIP forecast — pending unresolved
  [  214] 10:07:51 RESOLVED id=btcusdt-204-1785047802863 act=0.567 c_err=0.023 q_err=0.007 ret=+0.00000
  [  214] 10:07:51 p=64362.3 c=0.584 q=0.562 δ=1.04 status=pending fallback=saturation_gate target=10:08:49
  [  215] 10:07:58 SKIP forecast — pending unresolved
  [  216] 10:08:04 SKIP forecast — pending unresolved
  [  217] 10:08:10 SKIP forecast — pending unresolved
  [  218] 10:08:16 SKIP forecast — pending unresolved
  [  219] 10:08:23 SKIP forecast — pending unresolved
  [  220] 10:08:30 SKIP forecast — pending unresolved
  [  221] 10:08:37 SKIP forecast — pending unresolved
  [  222] 10:08:43 SKIP forecast — pending unresolved
  [  223] 10:08:51 RESOLVED id=btcusdt-214-1785047869991 act=0.680 c_err=0.096 q_err=0.118 ret=+0.00000
  [  223] 10:08:52 p=64379.2 c=0.599 q=0.638 δ=0.89 status=pending fallback=saturation_gate target=10:09:50
  [  224] 10:08:58 SKIP forecast — pending unresolved
  [  225] 10:09:04 SKIP forecast — pending unresolved
  [  226] 10:09:11 SKIP forecast — pending unresolved
  [  227] 10:09:17 SKIP forecast — pending unresolved
  [  228] 10:09:23 SKIP forecast — pending unresolved
  [  229] 10:09:30 SKIP forecast — pending unresolved
  [  230] 10:09:36 SKIP forecast — pending unresolved
  [  231] 10:09:43 SKIP forecast — pending unresolved
  [  232] 10:09:49 SKIP forecast — pending unresolved
  [  233] 10:09:57 RESOLVED id=btcusdt-223-1785047930716 act=1.000 c_err=0.401 q_err=0.362 ret=-0.00186
  [  233] 10:09:57 p=64388.0 c=0.726 q=0.700 δ=0.99 status=pending fallback=saturation_gate target=10:10:55
  [  234] 10:10:03 SKIP forecast — pending unresolved
  [  235] 10:10:09 SKIP forecast — pending unresolved
  [  236] 10:10:16 SKIP forecast — pending unresolved
  [  237] 10:10:22 SKIP forecast — pending unresolved
  [  238] 10:10:28 SKIP forecast — pending unresolved
  [  239] 10:10:35 SKIP forecast — pending unresolved
  [  240] 10:10:41 SKIP forecast — pending unresolved
  [  241] 10:10:47 SKIP forecast — pending unresolved
  [  242] 10:10:54 SKIP forecast — pending unresolved
  [  243] 10:11:02 RESOLVED id=btcusdt-233-1785047995899 act=0.000 c_err=0.726 q_err=0.700 ret=-0.00194
  [  243] 10:11:02 p=64392.1 c=0.670 q=0.707 δ=1.11 status=pending fallback=saturation_gate target=10:12:00
  [  244] 10:11:08 SKIP forecast — pending unresolved
  [  245] 10:11:14 SKIP forecast — pending unresolved
  [  246] 10:11:21 SKIP forecast — pending unresolved
  [  247] 10:11:27 SKIP forecast — pending unresolved
  [  248] 10:11:33 SKIP forecast — pending unresolved
  [  249] 10:11:40 SKIP forecast — pending unresolved
  [  250] 10:11:46 SKIP forecast — pending unresolved
  [  251] 10:11:52 SKIP forecast — pending unresolved
  [  252] 10:11:59 SKIP forecast — pending unresolved
  [  253] 10:12:07 RESOLVED id=btcusdt-243-1785048060556 act=0.667 c_err=0.003 q_err=0.040 ret=-0.00200
  [  253] 10:12:07 p=64392.1 c=0.665 q=0.667 δ=0.94 status=pending fallback=saturation_gate target=10:13:05
  [  254] 10:12:13 SKIP forecast — pending unresolved
  [  255] 10:12:19 SKIP forecast — pending unresolved
  [  256] 10:12:26 SKIP forecast — pending unresolved
  [  257] 10:12:33 SKIP forecast — pending unresolved
  [  258] 10:12:39 SKIP forecast — pending unresolved
  [  259] 10:12:45 SKIP forecast — pending unresolved
  [  260] 10:12:52 SKIP forecast — pending unresolved
  [  261] 10:12:58 SKIP forecast — pending unresolved
  [  262] 10:13:05 SKIP forecast — pending unresolved
  [  263] 10:13:12 RESOLVED id=btcusdt-253-1785048125393 act=0.667 c_err=0.001 q_err=0.000 ret=-0.00216
  [  263] 10:13:12 p=64382.0 c=0.665 q=0.667 δ=1.14 status=pending fallback=saturation_gate target=10:14:11
  [  264] 10:13:19 SKIP forecast — pending unresolved
  [  265] 10:13:25 SKIP forecast — pending unresolved
  [  266] 10:13:31 SKIP forecast — pending unresolved
  [  267] 10:13:38 SKIP forecast — pending unresolved
  [  268] 10:13:44 SKIP forecast — pending unresolved
  [  269] 10:13:51 SKIP forecast — pending unresolved
  [  270] 10:13:57 SKIP forecast — pending unresolved
  [  271] 10:14:04 SKIP forecast — pending unresolved
  [  272] 10:14:13 RESOLVED id=btcusdt-263-1785048191329 act=0.667 c_err=0.001 q_err=0.000 ret=-0.00200
  [  272] 10:14:13 p=64382.0 c=0.665 q=0.667 δ=1.11 status=pending fallback=saturation_gate target=10:15:11
  [  273] 10:14:19 SKIP forecast — pending unresolved
  [  274] 10:14:26 SKIP forecast — pending unresolved
  [  275] 10:14:33 SKIP forecast — pending unresolved
  [  276] 10:14:39 SKIP forecast — pending unresolved
  [  277] 10:14:46 SKIP forecast — pending unresolved
  [  278] 10:14:52 SKIP forecast — pending unresolved
  [  279] 10:14:58 SKIP forecast — pending unresolved
  [  280] 10:15:05 SKIP forecast — pending unresolved
  [  281] 10:15:11 SKIP forecast — pending unresolved
  [  282] 10:15:19 RESOLVED id=btcusdt-272-1785048251651 act=0.333 c_err=0.332 q_err=0.333 ret=-0.00192
  [  282] 10:15:19 p=64387.0 c=0.612 q=0.656 δ=1.05 status=pending fallback=saturation_gate target=10:16:17
  [  283] 10:15:25 SKIP forecast — pending unresolved
  [  284] 10:15:31 SKIP forecast — pending unresolved
  [  285] 10:15:38 SKIP forecast — pending unresolved
  [  286] 10:15:44 SKIP forecast — pending unresolved
  [  287] 10:15:51 SKIP forecast — pending unresolved
  [  288] 10:15:58 SKIP forecast — pending unresolved
  [  289] 10:16:04 SKIP forecast — pending unresolved
  [  290] 10:16:10 SKIP forecast — pending unresolved
  [  291] 10:16:16 SKIP forecast — pending unresolved
  [  292] 10:16:24 RESOLVED id=btcusdt-282-1785048317777 act=1.000 c_err=0.388 q_err=0.344 ret=-0.00195
  [  292] 10:16:24 p=64390.3 c=0.612 q=0.611 δ=1.09 status=pending fallback=saturation_gate target=10:17:23
  [  293] 10:16:31 SKIP forecast — pending unresolved
  [  294] 10:16:38 SKIP forecast — pending unresolved
  [  295] 10:16:44 SKIP forecast — pending unresolved
  [  296] 10:16:51 SKIP forecast — pending unresolved
  [  297] 10:16:57 SKIP forecast — pending unresolved
  [  298] 10:17:04 SKIP forecast — pending unresolved
  [  299] 10:17:10 SKIP forecast — pending unresolved
  [  300] 10:17:17 SKIP forecast — pending unresolved
  [  301] 10:17:25 RESOLVED id=btcusdt-292-1785048383252 act=0.938 c_err=0.326 q_err=0.326 ret=-0.00169
  [  301] 10:17:25 p=64410.1 c=0.740 q=0.664 δ=0.96 status=pending fallback=saturation_gate target=10:18:23
  [  302] 10:17:31 SKIP forecast — pending unresolved
  [  303] 10:17:38 SKIP forecast — pending unresolved
  [  304] 10:17:44 SKIP forecast — pending unresolved
  [  305] 10:17:50 SKIP forecast — pending unresolved
  [  306] 10:17:57 SKIP forecast — pending unresolved
  [  307] 10:18:03 SKIP forecast — pending unresolved
  [  308] 10:18:10 SKIP forecast — pending unresolved
  [  309] 10:18:16 SKIP forecast — pending unresolved
  [  310] 10:18:23 SKIP forecast — pending unresolved
  [  311] 10:18:30 RESOLVED id=btcusdt-301-1785048443497 act=0.800 c_err=0.060 q_err=0.136 ret=-0.00200
  [  311] 10:18:30 p=64410.1 c=0.772 q=0.800 δ=0.72 status=pending fallback=saturation_gate target=10:19:29
  [  312] 10:18:37 SKIP forecast — pending unresolved
  [  313] 10:18:43 SKIP forecast — pending unresolved
  [  314] 10:18:50 SKIP forecast — pending unresolved
  [  315] 10:18:56 SKIP forecast — pending unresolved
  [  316] 10:19:03 SKIP forecast — pending unresolved
  [  317] 10:19:09 SKIP forecast — pending unresolved
  [  318] 10:19:16 SKIP forecast — pending unresolved
  [  319] 10:19:22 SKIP forecast — pending unresolved
  [  320] 10:19:28 SKIP forecast — pending unresolved
  [  321] 10:19:37 RESOLVED id=btcusdt-311-1785048509574 act=0.800 c_err=0.028 q_err=0.000 ret=-0.00201
  [  321] 10:19:37 p=64409.6 c=0.772 q=0.800 δ=1.03 status=pending fallback=saturation_gate target=10:20:35
  [  322] 10:19:45 SKIP forecast — pending unresolved
  [  323] 10:20:02 SKIP forecast — pending unresolved
  [  324] 10:20:13 SKIP forecast — pending unresolved
  [  325] 10:20:29 SKIP forecast — pending unresolved
  [  326] 10:21:00 RESOLVED id=btcusdt-321-1785048575784 act=0.800 c_err=0.028 q_err=0.000 ret=-0.00196
  [  326] 10:21:00 p=64411.9 c=0.772 q=0.800 δ=1.01 status=pending fallback=saturation_gate target=10:21:44
  [  327] 10:21:10 SKIP forecast — pending unresolved
  [  328] 10:21:17 SKIP forecast — pending unresolved
  [  329] 10:21:25 SKIP forecast — pending unresolved
  [  330] 10:21:36 SKIP forecast — pending unresolved
  [  331] 10:21:47 RESOLVED id=btcusdt-326-1785048644745 act=0.800 c_err=0.028 q_err=0.000 ret=-0.00200
  [  331] 10:21:47 p=64411.9 c=0.772 q=0.800 δ=1.33 status=pending fallback=saturation_gate target=10:22:44
  [  332] 10:21:54 SKIP forecast — pending unresolved
  [  333] 10:22:07 SKIP forecast — pending unresolved
  [  334] 10:22:14 SKIP forecast — pending unresolved
  [  335] 10:22:21 SKIP forecast — pending unresolved
  [  336] 10:22:27 SKIP forecast — pending unresolved
  [  337] 10:22:34 SKIP forecast — pending unresolved
  [  338] 10:22:40 SKIP forecast — pending unresolved
  [  339] 10:22:49 RESOLVED id=btcusdt-331-1785048704797 act=0.833 c_err=0.061 q_err=0.033 ret=-0.00174
  [  339] 10:22:49 p=64428.8 c=0.788 q=0.802 δ=1.11 status=pending fallback=saturation_gate target=10:23:46
  [  340] 10:22:55 SKIP forecast — pending unresolved
  [  341] 10:23:02 SKIP forecast — pending unresolved
  [  342] 10:23:09 SKIP forecast — pending unresolved
  [  343] 10:23:15 SKIP forecast — pending unresolved
  [  344] 10:23:21 SKIP forecast — pending unresolved
  [  345] 10:23:28 SKIP forecast — pending unresolved
  [  346] 10:23:34 SKIP forecast — pending unresolved
  [  347] 10:23:41 SKIP forecast — pending unresolved
  [  348] 10:23:50 RESOLVED id=btcusdt-339-1785048766940 act=0.833 c_err=0.045 q_err=0.031 ret=-0.00200
  [  348] 10:23:50 p=64428.8 c=0.799 q=0.822 δ=1.25 status=pending fallback=saturation_gate target=10:24:48
  [  349] 10:23:56 SKIP forecast — pending unresolved
  [  350] 10:24:02 SKIP forecast — pending unresolved
  [  351] 10:24:09 SKIP forecast — pending unresolved
  [  352] 10:24:15 SKIP forecast — pending unresolved
  [  353] 10:24:21 SKIP forecast — pending unresolved
  [  354] 10:24:27 SKIP forecast — pending unresolved
  [  355] 10:24:34 SKIP forecast — pending unresolved
  [  356] 10:24:40 SKIP forecast — pending unresolved
  [  357] 10:24:46 SKIP forecast — pending unresolved
  [  358] 10:24:55 RESOLVED id=btcusdt-348-1785048828718 act=1.000 c_err=0.201 q_err=0.178 ret=-0.00200
  [  358] 10:24:55 p=64428.8 c=0.868 q=0.853 δ=1.04 status=pending fallback=saturation_gate target=10:25:53
  [  359] 10:25:02 SKIP forecast — pending unresolved
  [  360] 10:25:08 SKIP forecast — pending unresolved
  [  361] 10:25:15 SKIP forecast — pending unresolved
  [  362] 10:25:21 SKIP forecast — pending unresolved
  [  363] 10:25:27 SKIP forecast — pending unresolved
  [  364] 10:25:34 SKIP forecast — pending unresolved
  [  365] 10:25:40 SKIP forecast — pending unresolved
  [  366] 10:25:47 SKIP forecast — pending unresolved
  [  367] 10:25:55 RESOLVED id=btcusdt-358-1785048893769 act=1.000 c_err=0.132 q_err=0.147 ret=-0.00170
  [  367] 10:25:55 p=64448.0 c=0.908 q=0.922 δ=1.22 status=pending fallback=saturation_gate target=10:26:53
  [  368] 10:26:02 SKIP forecast — pending unresolved
  [  369] 10:26:08 SKIP forecast — pending unresolved
  [  370] 10:26:15 SKIP forecast — pending unresolved
  [  371] 10:26:21 SKIP forecast — pending unresolved
  [  372] 10:26:29 SKIP forecast — pending unresolved
  [  373] 10:26:38 SKIP forecast — pending unresolved
  [  374] 10:26:47 SKIP forecast — pending unresolved
  [  375] 10:26:56 RESOLVED id=btcusdt-367-1785048953926 act=0.421 c_err=0.487 q_err=0.501 ret=-0.00203
  [  375] 10:26:56 p=64446.1 c=0.641 q=0.693 δ=1.05 status=pending fallback=saturation_gate target=10:27:55
  [  376] 10:27:02 SKIP forecast — pending unresolved
  [  377] 10:27:09 SKIP forecast — pending unresolved
  [  378] 10:27:16 SKIP forecast — pending unresolved
  [  379] 10:27:23 SKIP forecast — pending unresolved
  [  380] 10:27:31 SKIP forecast — pending unresolved
  [  381] 10:27:37 SKIP forecast — pending unresolved
  [  382] 10:27:44 SKIP forecast — pending unresolved
  [  383] 10:27:51 SKIP forecast — pending unresolved
  [  384] 10:27:59 RESOLVED id=btcusdt-375-1785049015086 act=1.000 c_err=0.359 q_err=0.307 ret=-0.00173
  [  384] 10:27:59 p=64463.4 c=0.690 q=0.513 δ=0.95 status=pending fallback=saturation_gate target=10:28:57
  [  385] 10:28:05 SKIP forecast — pending unresolved
  [  386] 10:28:12 SKIP forecast — pending unresolved
  [  387] 10:28:19 SKIP forecast — pending unresolved
  [  388] 10:28:26 SKIP forecast — pending unresolved
  [  389] 10:28:32 SKIP forecast — pending unresolved
  [  390] 10:28:39 SKIP forecast — pending unresolved
  [  391] 10:28:45 SKIP forecast — pending unresolved
  [  392] 10:28:51 SKIP forecast — pending unresolved
  [  393] 10:28:59 RESOLVED id=btcusdt-384-1785049077740 act=0.500 c_err=0.190 q_err=0.013 ret=+0.00000
  [  393] 10:28:59 p=64450.2 c=0.738 q=0.687 δ=1.09 status=pending fallback=saturation_gate target=10:29:58
  [  394] 10:29:05 SKIP forecast — pending unresolved
  [  395] 10:29:12 SKIP forecast — pending unresolved
  [  396] 10:29:18 SKIP forecast — pending unresolved
  [  397] 10:29:25 SKIP forecast — pending unresolved
  [  398] 10:29:32 SKIP forecast — pending unresolved
  [  399] 10:29:38 SKIP forecast — pending unresolved
  [  400] 10:29:45 SKIP forecast — pending unresolved
  [  401] 10:29:52 SKIP forecast — pending unresolved
  [  402] 10:30:01 RESOLVED id=btcusdt-393-1785049138167 act=0.767 c_err=0.029 q_err=0.080 ret=-0.00193
  [  402] 10:30:01 p=64454.9 c=0.746 q=0.767 δ=1.20 status=pending fallback=saturation_gate target=10:30:59
  [  403] 10:30:07 SKIP forecast — pending unresolved
  [  404] 10:30:14 SKIP forecast — pending unresolved
  [  405] 10:30:21 SKIP forecast — pending unresolved
  [  406] 10:30:28 SKIP forecast — pending unresolved
[data_fetcher] _api_get /market/history/kline?symbol=btcusdt&period=1min&size=5: TimeoutError: The read operation timed out
[data_fetcher] _api_get /market/detail/merged?symbol=btcusdt: TimeoutError: The read operation timed out
[data_fetcher] _api_get /market/history/trade?symbol=btcusdt&size=30: TimeoutError: The read operation timed out
[data_fetcher] _api_get /market/depth?symbol=btcusdt&type=step1&depth=20: TimeoutError: The read operation timed out
  [  407] 10:30:53 SKIP forecast — pending unresolved
  [  408] 10:31:01 RESOLVED id=btcusdt-402-1785049199379 act=0.250 c_err=0.496 q_err=0.517 ret=-0.00200
  [  408] 10:31:01 p=64454.9 c=0.767 q=0.780 δ=1.05 status=pending fallback=saturation_gate target=10:32:00
  [  409] 10:31:08 SKIP forecast — pending unresolved
  [  410] 10:31:14 SKIP forecast — pending unresolved
  [  411] 10:31:31 SKIP forecast — pending unresolved
  [  412] 10:31:43 SKIP forecast — pending unresolved
  [  413] 10:31:50 SKIP forecast — pending unresolved
  [  414] 10:31:57 SKIP forecast — pending unresolved
  [  415] 10:32:07 RESOLVED id=btcusdt-408-1785049260174 act=0.905 c_err=0.137 q_err=0.125 ret=-0.00174
  [  415] 10:32:07 p=64471.5 c=0.724 q=0.780 δ=1.32 status=pending fallback=saturation_gate target=10:33:04
  [  416] 10:32:14 SKIP forecast — pending unresolved
  [  417] 10:32:20 SKIP forecast — pending unresolved
  [  418] 10:32:27 SKIP forecast — pending unresolved
  [  419] 10:32:33 SKIP forecast — pending unresolved
  [  420] 10:32:39 SKIP forecast — pending unresolved
  [  421] 10:32:46 SKIP forecast — pending unresolved
  [  422] 10:32:52 SKIP forecast — pending unresolved
  [  423] 10:32:59 SKIP forecast — pending unresolved
  [  424] 10:33:06 RESOLVED id=btcusdt-415-1785049324517 act=0.000 c_err=0.724 q_err=0.780 ret=-0.00197
         --- resolved 30: quantum wins 14/30 (47%) trades=15 avg_ret=-0.00189
  [  424] 10:33:06 p=64473.6 c=0.678 q=0.722 δ=0.92 status=pending fallback=saturation_gate target=10:34:05
  [  425] 10:33:13 SKIP forecast — pending unresolved
  [  426] 10:33:19 SKIP forecast — pending unresolved
  [  427] 10:33:26 SKIP forecast — pending unresolved
  [  428] 10:33:32 SKIP forecast — pending unresolved
  [  429] 10:33:38 SKIP forecast — pending unresolved
  [  430] 10:33:46 SKIP forecast — pending unresolved
  [  431] 10:33:52 SKIP forecast — pending unresolved
  [  432] 10:33:58 SKIP forecast — pending unresolved
  [  433] 10:34:05 SKIP forecast — pending unresolved
  [  434] 10:34:13 RESOLVED id=btcusdt-424-1785049385589 act=0.000 c_err=0.678 q_err=0.722 ret=-0.00214
         --- resolved 31: quantum wins 14/31 (45%) trades=16 avg_ret=-0.00190
  [  434] 10:34:13 p=64464.3 c=0.665 q=0.667 δ=1.23 status=pending fallback=saturation_gate target=10:35:12
  [  435] 10:34:19 SKIP forecast — pending unresolved
  [  436] 10:34:26 SKIP forecast — pending unresolved
  [  437] 10:34:32 SKIP forecast — pending unresolved
  [  438] 10:34:38 SKIP forecast — pending unresolved
  [  439] 10:34:44 SKIP forecast — pending unresolved
  [  440] 10:34:51 SKIP forecast — pending unresolved
  [  441] 10:34:57 SKIP forecast — pending unresolved
  [  442] 10:35:03 SKIP forecast — pending unresolved
  [  443] 10:35:09 SKIP forecast — pending unresolved
  [  444] 10:35:17 RESOLVED id=btcusdt-434-1785049452167 act=0.000 c_err=0.665 q_err=0.667 ret=-0.00240
         --- resolved 32: quantum wins 14/32 (44%) trades=17 avg_ret=-0.00193
  [  444] 10:35:17 p=64438.4 c=0.561 q=0.649 δ=1.04 status=pending fallback=saturation_gate target=10:36:16
  [  445] 10:35:24 SKIP forecast — pending unresolved
  [  446] 10:35:31 SKIP forecast — pending unresolved
  [  447] 10:35:37 SKIP forecast — pending unresolved
  [  448] 10:35:43 SKIP forecast — pending unresolved
  [  449] 10:35:49 SKIP forecast — pending unresolved
  [  450] 10:35:56 SKIP forecast — pending unresolved

  Signal 15 received, shutting down gracefully...

  Stopped at 2026-07-26 10:35:58
  Collected 451 observations, 47 predictions
  Saved to /home/manjaruhp/Pictures/Autonomous-AI-june2026/Exchange-Q/core/_live_results/btcusdt-quantum-1785046520.json

  FINAL: resolved=32 quantum wins 14/32 (43.8%)  c_err=0.3999  q_err=0.3914  trades=17 avg_ret=-0.00193

  FINAL: exploratory summary only — need n>=720 for significance report
  QUANTUM-ONLY LIVE PIPELINE
  symbol=btcusdt  max_resolved=500  max_fetches=unlimited  max_runtime=unlimited
  horizon=60.0s  sample_interval=5.0s  window=15
  output=/home/manjaruhp/Pictures/Autonomous-AI-june2026/Exchange-Q/core/_live_results/btcusdt-quantum-1785049600.json
  database=/home/manjaruhp/Pictures/Autonomous-AI-june2026/Exchange-Q/core/_live_results/btcusdt-quantum-1785049600.sqlite3
  PID=1505735
  Started at 2026-07-26 10:36:40

  [    0] 10:36:41 WARMUP (1/15)
  [    1] 10:36:47 WARMUP (2/15)
  [    2] 10:36:53 WARMUP (3/15)
  [    3] 10:37:00 WARMUP (4/15)
  [    4] 10:37:06 WARMUP (5/15)
  [    5] 10:37:12 WARMUP (6/15)
  [    6] 10:37:19 WARMUP (7/15)
  [    7] 10:37:25 WARMUP (8/15)
  [    8] 10:37:32 WARMUP (9/15)
  [    9] 10:37:38 WARMUP (10/15)
  [   10] 10:37:45 WARMUP (11/15)
  [   11] 10:37:51 WARMUP (12/15)
  [   12] 10:37:58 WARMUP (13/15)
  [   13] 10:38:04 WARMUP (14/15)
  WARMUP complete — creating predictions for horizon=60.0s
  [   14] 10:38:11 p=64434.9 c=0.474 q=0.458 δ=0.93 status=pending fallback=saturation_gate target=10:39:11
  [   15] 10:38:17 SKIP forecast — pending unresolved
  [   16] 10:38:24 SKIP forecast — pending unresolved
  [   17] 10:38:30 SKIP forecast — pending unresolved
  [   18] 10:38:37 SKIP forecast — pending unresolved
  [   19] 10:38:43 SKIP forecast — pending unresolved
  [   20] 10:38:49 SKIP forecast — pending unresolved
  [   21] 10:38:55 SKIP forecast — pending unresolved
  [   22] 10:39:03 SKIP forecast — pending unresolved
  [   23] 10:39:09 SKIP forecast — pending unresolved
  [   24] 10:39:17 RESOLVED id=btcusdt-14-1785049691594 act=0.433 c_err=0.041 q_err=0.024 ret=+0.00000
  [   24] 10:39:17 p=64444.6 c=0.477 q=0.570 δ=0.93 status=pending fallback=none target=10:40:16
  [   25] 10:39:23 SKIP forecast — pending unresolved
  [   26] 10:39:30 SKIP forecast — pending unresolved
  [   27] 10:39:36 SKIP forecast — pending unresolved
  [   28] 10:39:42 SKIP forecast — pending unresolved
  [   29] 10:39:49 SKIP forecast — pending unresolved
  [   30] 10:39:55 SKIP forecast — pending unresolved
  [   31] 10:40:02 SKIP forecast — pending unresolved
  [   32] 10:40:08 SKIP forecast — pending unresolved
  [   33] 10:40:15 SKIP forecast — pending unresolved
  [   34] 10:40:22 RESOLVED id=btcusdt-24-1785049756400 act=0.250 c_err=0.227 q_err=0.320 ret=+0.00000
  [   34] 10:40:22 p=64432.9 c=0.440 q=0.409 δ=1.16 status=pending fallback=saturation_gate target=10:41:21
  [   35] 10:40:29 SKIP forecast — pending unresolved
  [   36] 10:40:36 SKIP forecast — pending unresolved
  [   37] 10:40:43 SKIP forecast — pending unresolved
  [   38] 10:40:49 SKIP forecast — pending unresolved
  [   39] 10:40:55 SKIP forecast — pending unresolved
  [   40] 10:41:02 SKIP forecast — pending unresolved
  [   41] 10:41:09 SKIP forecast — pending unresolved
  [   42] 10:41:15 SKIP forecast — pending unresolved
  [   43] 10:41:25 RESOLVED id=btcusdt-34-1785049821441 act=0.400 c_err=0.040 q_err=0.009 ret=+0.00000
  [   43] 10:41:25 p=64428.8 c=0.450 q=0.398 δ=1.10 status=pending fallback=saturation_gate target=10:42:23
  [   44] 10:41:31 SKIP forecast — pending unresolved
  [   45] 10:41:38 SKIP forecast — pending unresolved
  [   46] 10:41:45 SKIP forecast — pending unresolved
  [   47] 10:41:51 SKIP forecast — pending unresolved
  [   48] 10:41:58 SKIP forecast — pending unresolved
  [   49] 10:42:04 SKIP forecast — pending unresolved
  [   50] 10:42:11 SKIP forecast — pending unresolved
  [   51] 10:42:17 SKIP forecast — pending unresolved
  [   52] 10:42:25 RESOLVED id=btcusdt-43-1785049883089 act=0.433 c_err=0.016 q_err=0.036 ret=+0.00000
  [   52] 10:42:25 p=64407.9 c=0.476 q=0.495 δ=1.39 status=pending fallback=none target=10:43:24
  [   53] 10:42:31 SKIP forecast — pending unresolved
  [   54] 10:42:38 SKIP forecast — pending unresolved
  [   55] 10:42:44 SKIP forecast — pending unresolved
  [   56] 10:42:51 SKIP forecast — pending unresolved
  [   57] 10:42:58 SKIP forecast — pending unresolved
  [   58] 10:43:04 SKIP forecast — pending unresolved
  [   59] 10:43:10 SKIP forecast — pending unresolved
  [   60] 10:43:17 SKIP forecast — pending unresolved
  [   61] 10:43:23 SKIP forecast — pending unresolved
  [   62] 10:43:31 RESOLVED id=btcusdt-52-1785049944082 act=0.750 c_err=0.274 q_err=0.255 ret=+0.00000
  [   62] 10:43:31 p=64413.1 c=0.545 q=0.473 δ=1.12 status=pending fallback=saturation_gate target=10:44:30
  [   63] 10:43:39 SKIP forecast — pending unresolved
  [   64] 10:43:45 SKIP forecast — pending unresolved
  [   65] 10:43:51 SKIP forecast — pending unresolved
  [   66] 10:43:58 SKIP forecast — pending unresolved
  [   67] 10:44:04 SKIP forecast — pending unresolved
  [   68] 10:44:11 SKIP forecast — pending unresolved
  [   69] 10:44:17 SKIP forecast — pending unresolved
  [   70] 10:44:23 SKIP forecast — pending unresolved
  [   71] 10:44:30 SKIP forecast — pending unresolved
  [   72] 10:44:37 RESOLVED id=btcusdt-62-1785050010495 act=0.533 c_err=0.012 q_err=0.060 ret=+0.00000
  [   72] 10:44:37 p=64413.1 c=0.558 q=0.533 δ=1.25 status=pending fallback=saturation_gate target=10:45:36
  [   73] 10:44:44 SKIP forecast — pending unresolved
  [   74] 10:44:50 SKIP forecast — pending unresolved
  [   75] 10:44:56 SKIP forecast — pending unresolved
  [   76] 10:45:02 SKIP forecast — pending unresolved
  [   77] 10:45:09 SKIP forecast — pending unresolved
  [   78] 10:45:15 SKIP forecast — pending unresolved
  [   79] 10:45:21 SKIP forecast — pending unresolved
  [   80] 10:45:28 SKIP forecast — pending unresolved
  [   81] 10:45:34 SKIP forecast — pending unresolved
  [   82] 10:45:42 RESOLVED id=btcusdt-72-1785050076363 act=0.455 c_err=0.103 q_err=0.079 ret=+0.00000
  [   82] 10:45:42 p=64433.4 c=0.566 q=0.670 δ=1.27 status=pending fallback=none target=10:46:40
  [   83] 10:45:48 SKIP forecast — pending unresolved
  [   84] 10:45:55 SKIP forecast — pending unresolved
  [   85] 10:46:02 SKIP forecast — pending unresolved
  [   86] 10:46:08 SKIP forecast — pending unresolved
  [   87] 10:46:15 SKIP forecast — pending unresolved
  [   88] 10:46:21 SKIP forecast — pending unresolved
  [   89] 10:46:28 SKIP forecast — pending unresolved
  [   90] 10:46:34 SKIP forecast — pending unresolved
  [   91] 10:46:42 RESOLVED id=btcusdt-82-1785050140636 act=0.679 c_err=0.112 q_err=0.008 ret=-0.00175
  [   91] 10:46:42 p=64449.8 c=0.637 q=0.638 δ=1.13 status=pending fallback=saturation_gate target=10:47:40
  [   92] 10:46:48 SKIP forecast — pending unresolved
  [   93] 10:46:54 SKIP forecast — pending unresolved
  [   94] 10:47:01 SKIP forecast — pending unresolved
  [   95] 10:47:08 SKIP forecast — pending unresolved
  [   96] 10:47:15 SKIP forecast — pending unresolved
  [   97] 10:47:21 SKIP forecast — pending unresolved
  [   98] 10:47:28 SKIP forecast — pending unresolved
  [   99] 10:47:35 SKIP forecast — pending unresolved
  [  100] 10:47:43 RESOLVED id=btcusdt-91-1785050200850 act=0.700 c_err=0.063 q_err=0.062 ret=-0.00205
  [  100] 10:47:43 p=64446.6 c=0.677 q=0.676 δ=1.16 status=pending fallback=saturation_gate target=10:48:42
  [  101] 10:47:49 SKIP forecast — pending unresolved
  [  102] 10:47:56 SKIP forecast — pending unresolved
  [  103] 10:48:02 SKIP forecast — pending unresolved
  [  104] 10:48:08 SKIP forecast — pending unresolved
  [  105] 10:48:14 SKIP forecast — pending unresolved
  [  106] 10:48:21 SKIP forecast — pending unresolved
  [  107] 10:48:28 SKIP forecast — pending unresolved
  [  108] 10:48:35 SKIP forecast — pending unresolved
  [  109] 10:48:41 SKIP forecast — pending unresolved
  [  110] 10:48:49 RESOLVED id=btcusdt-100-1785050262235 act=0.000 c_err=0.677 q_err=0.676 ret=-0.00200
  [  110] 10:48:49 p=64446.6 c=0.616 q=0.631 δ=1.17 status=pending fallback=saturation_gate target=10:49:48
  [  111] 10:48:55 SKIP forecast — pending unresolved
  [  112] 10:49:02 SKIP forecast — pending unresolved
  [  113] 10:49:08 SKIP forecast — pending unresolved
  [  114] 10:49:14 SKIP forecast — pending unresolved
  [  115] 10:49:21 SKIP forecast — pending unresolved
  [  116] 10:49:28 SKIP forecast — pending unresolved
  [  117] 10:49:34 SKIP forecast — pending unresolved
  [  118] 10:49:40 SKIP forecast — pending unresolved
  [  119] 10:49:47 SKIP forecast — pending unresolved
  [  120] 10:49:55 RESOLVED id=btcusdt-110-1785050328101 act=0.312 c_err=0.303 q_err=0.319 ret=-0.00248
  [  120] 10:49:55 p=64415.7 c=0.332 q=0.487 δ=1.16 status=pending fallback=saturation_gate target=10:50:53
  [  121] 10:50:01 SKIP forecast — pending unresolved
  [  122] 10:50:08 SKIP forecast — pending unresolved
  [  123] 10:50:14 SKIP forecast — pending unresolved
  [  124] 10:50:21 SKIP forecast — pending unresolved
  [  125] 10:50:27 SKIP forecast — pending unresolved
  [  126] 10:50:33 SKIP forecast — pending unresolved
  [  127] 10:50:40 SKIP forecast — pending unresolved
  [  128] 10:50:47 SKIP forecast — pending unresolved
  [  129] 10:50:53 SKIP forecast — pending unresolved
  [  130] 10:51:01 RESOLVED id=btcusdt-120-1785050393947 act=0.000 c_err=0.332 q_err=0.487 ret=+0.00000
  [  130] 10:51:01 p=64408.4 c=0.342 q=0.405 δ=1.01 status=pending fallback=none target=10:51:59
  [  131] 10:51:07 SKIP forecast — pending unresolved
  [  132] 10:51:13 SKIP forecast — pending unresolved
  [  133] 10:51:20 SKIP forecast — pending unresolved
  [  134] 10:51:26 SKIP forecast — pending unresolved
  [  135] 10:51:33 SKIP forecast — pending unresolved
  [  136] 10:51:39 SKIP forecast — pending unresolved
  [  137] 10:51:45 SKIP forecast — pending unresolved
  [  138] 10:51:51 SKIP forecast — pending unresolved
  [  139] 10:51:58 SKIP forecast — pending unresolved
  [  140] 10:52:06 RESOLVED id=btcusdt-130-1785050459846 act=0.182 c_err=0.160 q_err=0.223 ret=+0.00000
  [  140] 10:52:06 p=64384.6 c=0.268 q=0.347 δ=0.90 status=pending fallback=none target=10:53:04
  [  141] 10:52:12 SKIP forecast — pending unresolved
  [  142] 10:52:18 SKIP forecast — pending unresolved
  [  143] 10:52:25 SKIP forecast — pending unresolved
  [  144] 10:52:31 SKIP forecast — pending unresolved
  [  145] 10:52:38 SKIP forecast — pending unresolved
  [  146] 10:52:44 SKIP forecast — pending unresolved
  [  147] 10:52:50 SKIP forecast — pending unresolved
  [  148] 10:52:57 SKIP forecast — pending unresolved
  [  149] 10:53:04 SKIP forecast — pending unresolved
  [  150] 10:53:12 RESOLVED id=btcusdt-140-1785050524798 act=0.333 c_err=0.065 q_err=0.014 ret=+0.00000
  [  150] 10:53:12 p=64384.9 c=0.285 q=0.245 δ=0.94 status=pending fallback=none target=10:54:10
  [  151] 10:53:18 SKIP forecast — pending unresolved
  [  152] 10:53:25 SKIP forecast — pending unresolved
  [  153] 10:53:31 SKIP forecast — pending unresolved
  [  154] 10:53:38 SKIP forecast — pending unresolved
  [  155] 10:53:44 SKIP forecast — pending unresolved
  [  156] 10:53:50 SKIP forecast — pending unresolved
  [  157] 10:53:57 SKIP forecast — pending unresolved
  [  158] 10:54:03 SKIP forecast — pending unresolved
  [  159] 10:54:11 RESOLVED id=btcusdt-150-1785050590306 act=0.333 c_err=0.048 q_err=0.089 ret=+0.00000
  [  159] 10:54:11 p=64387.2 c=0.315 q=0.293 δ=1.05 status=pending fallback=none target=10:55:10
  [  160] 10:54:18 SKIP forecast — pending unresolved
  [  161] 10:54:24 SKIP forecast — pending unresolved
  [  162] 10:54:30 SKIP forecast — pending unresolved
  [  163] 10:54:36 SKIP forecast — pending unresolved
  [  164] 10:54:43 SKIP forecast — pending unresolved
  [  165] 10:54:50 SKIP forecast — pending unresolved
  [  166] 10:54:56 SKIP forecast — pending unresolved
  [  167] 10:55:02 SKIP forecast — pending unresolved
  [  168] 10:55:09 SKIP forecast — pending unresolved
  [  169] 10:55:17 RESOLVED id=btcusdt-159-1785050650542 act=0.333 c_err=0.018 q_err=0.041 ret=+0.00000
  [  169] 10:55:17 p=64382.1 c=0.344 q=0.339 δ=1.04 status=pending fallback=none target=10:56:16
  [  170] 10:55:23 SKIP forecast — pending unresolved
  [  171] 10:55:30 SKIP forecast — pending unresolved
  [  172] 10:55:36 SKIP forecast — pending unresolved
  [  173] 10:55:43 SKIP forecast — pending unresolved
  [  174] 10:55:49 SKIP forecast — pending unresolved
  [  175] 10:55:56 SKIP forecast — pending unresolved
  [  176] 10:56:02 SKIP forecast — pending unresolved
  [  177] 10:56:09 SKIP forecast — pending unresolved
  [  178] 10:56:15 SKIP forecast — pending unresolved
  [  179] 10:56:23 RESOLVED id=btcusdt-169-1785050716021 act=0.267 c_err=0.078 q_err=0.072 ret=+0.00000
  [  179] 10:56:23 p=64382.1 c=0.342 q=0.262 δ=0.95 status=pending fallback=saturation_gate target=10:57:21
  [  180] 10:56:30 SKIP forecast — pending unresolved
  [  181] 10:56:36 SKIP forecast — pending unresolved
  [  182] 10:56:42 SKIP forecast — pending unresolved
  [  183] 10:56:49 SKIP forecast — pending unresolved
  [  184] 10:56:55 SKIP forecast — pending unresolved
  [  185] 10:57:01 SKIP forecast — pending unresolved
  [  186] 10:57:08 SKIP forecast — pending unresolved
  [  187] 10:57:14 SKIP forecast — pending unresolved
  [  188] 10:57:21 SKIP forecast — pending unresolved
  [  189] 10:57:29 RESOLVED id=btcusdt-179-1785050781845 act=0.267 c_err=0.075 q_err=0.004 ret=+0.00000
  [  189] 10:57:29 p=64382.1 c=0.342 q=0.267 δ=0.80 status=pending fallback=saturation_gate target=10:58:27
  [  190] 10:57:36 SKIP forecast — pending unresolved
  [  191] 10:57:42 SKIP forecast — pending unresolved
  [  192] 10:57:49 SKIP forecast — pending unresolved
  [  193] 10:57:55 SKIP forecast — pending unresolved
  [  194] 10:58:01 SKIP forecast — pending unresolved
  [  195] 10:58:08 SKIP forecast — pending unresolved
  [  196] 10:58:15 SKIP forecast — pending unresolved
  [  197] 10:58:21 SKIP forecast — pending unresolved
  [  198] 10:58:29 RESOLVED id=btcusdt-189-1785050847759 act=0.267 c_err=0.075 q_err=0.000 ret=+0.00000
  [  198] 10:58:29 p=64378.2 c=0.342 q=0.267 δ=0.68 status=pending fallback=saturation_gate target=10:59:27
  [  199] 10:58:35 SKIP forecast — pending unresolved
  [  200] 10:58:41 SKIP forecast — pending unresolved
  [  201] 10:58:48 SKIP forecast — pending unresolved
  [  202] 10:58:54 SKIP forecast — pending unresolved
  [  203] 10:59:00 SKIP forecast — pending unresolved
  [  204] 10:59:06 SKIP forecast — pending unresolved
  [  205] 10:59:13 SKIP forecast — pending unresolved
  [  206] 10:59:19 SKIP forecast — pending unresolved
  [  207] 10:59:26 SKIP forecast — pending unresolved
  [  208] 10:59:33 RESOLVED id=btcusdt-198-1785050907870 act=0.833 c_err=0.492 q_err=0.567 ret=+0.00000
  [  208] 10:59:33 p=64380.9 c=0.436 q=0.336 δ=0.66 status=pending fallback=saturation_gate target=11:00:32
  [  209] 10:59:40 SKIP forecast — pending unresolved
  [  210] 10:59:46 SKIP forecast — pending unresolved
  [  211] 10:59:53 SKIP forecast — pending unresolved
  [  212] 11:00:00 SKIP forecast — pending unresolved
  [  213] 11:00:06 SKIP forecast — pending unresolved
  [  214] 11:00:13 SKIP forecast — pending unresolved
  [  215] 11:00:19 SKIP forecast — pending unresolved
  [  216] 11:00:25 SKIP forecast — pending unresolved
  [  217] 11:00:32 SKIP forecast — pending unresolved
  [  218] 11:00:40 RESOLVED id=btcusdt-208-1785050972555 act=0.400 c_err=0.036 q_err=0.064 ret=+0.00000
  [  218] 11:00:40 p=64380.9 c=0.450 q=0.400 δ=0.60 status=pending fallback=saturation_gate target=11:01:38
  [  219] 11:00:47 SKIP forecast — pending unresolved
  [  220] 11:00:53 SKIP forecast — pending unresolved
  [  221] 11:01:00 SKIP forecast — pending unresolved
[data_fetcher] _api_get /market/depth?symbol=btcusdt&type=step1&depth=20: OSError: [Errno 101] Network is unreachable
[data_fetcher] _api_get /market/history/kline?symbol=btcusdt&period=1min&size=5: OSError: [Errno 101] Network is unreachable
[data_fetcher] _api_get /market/history/trade?symbol=btcusdt&size=30: OSError: [Errno 101] Network is unreachable
[data_fetcher] _api_get /market/detail/merged?symbol=btcusdt: OSError: [Errno 101] Network is unreachable
[data_fetcher] _api_get /market/depth?symbol=btcusdt&type=step1&depth=20: OSError: [Errno 101] Network is unreachable
[data_fetcher] _api_get /market/history/trade?symbol=btcusdt&size=30: OSError: [Errno 101] Network is unreachable
[data_fetcher] _api_get /market/history/kline?symbol=btcusdt&period=1min&size=5: OSError: [Errno 101] Network is unreachable
[data_fetcher] _api_get /market/detail/merged?symbol=btcusdt: OSError: [Errno 101] Network is unreachable
[data_fetcher] _api_get /market/detail/merged?symbol=btcusdt: OSError: [Errno 101] Network is unreachable
[data_fetcher] _api_get /market/depth?symbol=btcusdt&type=step1&depth=20: OSError: [Errno 101] Network is unreachable
[data_fetcher] _api_get /market/history/trade?symbol=btcusdt&size=30: OSError: [Errno 101] Network is unreachable
[data_fetcher] _api_get /market/history/kline?symbol=btcusdt&period=1min&size=5: OSError: [Errno 101] Network is unreachable
  [  222] 11:03:48 NO DATA — retrying in 5s

  Signal 15 received, shutting down gracefully...
  QUANTUM-ONLY LIVE PIPELINE
  symbol=btcusdt  max_resolved=500  max_fetches=unlimited  max_runtime=unlimited
  horizon=60.0s  sample_interval=5.0s  window=15
  output=/home/manjaruhp/Pictures/Autonomous-AI-june2026/Exchange-Q/core/_live_results/btcusdt-quantum-1785067586.json
  database=/home/manjaruhp/Pictures/Autonomous-AI-june2026/Exchange-Q/core/_live_results/btcusdt-quantum-1785067586.sqlite3
  PID=1527431
  Started at 2026-07-26 15:36:26

  [    0] 15:36:29 WARMUP (1/15)
  [    1] 15:36:39 WARMUP (2/15)
  [    2] 15:36:50 WARMUP (3/15)
  [    3] 15:37:05 WARMUP (4/15)
  [    4] 15:37:18 WARMUP (5/15)
  [    5] 15:37:30 WARMUP (6/15)
  [    6] 15:37:42 WARMUP (7/15)
  [    7] 15:37:52 WARMUP (8/15)
  [    8] 15:38:00 WARMUP (9/15)
  [    9] 15:38:09 WARMUP (10/15)
  [   10] 15:38:20 WARMUP (11/15)
  [   11] 15:38:31 WARMUP (12/15)
  [   12] 15:38:53 WARMUP (13/15)
[data_fetcher] _api_get /market/history/kline?symbol=btcusdt&period=1min&size=5: TimeoutError: The read operation timed out
[data_fetcher] _api_get /market/history/trade?symbol=btcusdt&size=2000: TimeoutError: The read operation timed out
  [   13] 15:39:08 WARMUP (14/15)
  WARMUP complete — creating predictions for horizon=60.0s
  [   14] 15:39:22 p=64647.3 c=0.524 q=0.496 δ=0.56 status=pending fallback=saturation_gate target=15:40:22
[data_fetcher] _api_get /market/history/kline?symbol=btcusdt&period=1min&size=5: TimeoutError: _ssl.c:1063: The handshake operation timed out
[data_fetcher] _api_get /market/history/trade?symbol=btcusdt&size=2000: TimeoutError: The read operation timed out
  [   15] 15:39:41 SKIP forecast — pending unresolved
[data_fetcher] _api_get /market/detail/merged?symbol=btcusdt: TimeoutError: The read operation timed out
[data_fetcher] _api_get /market/depth?symbol=btcusdt&type=step1&depth=20: TimeoutError: _ssl.c:1063: The handshake operation timed out
[data_fetcher] _api_get /market/history/trade?symbol=btcusdt&size=2000: TimeoutError: _ssl.c:1063: The handshake operation timed out
[data_fetcher] _api_get /market/history/kline?symbol=btcusdt&period=1min&size=5: TimeoutError: The read operation timed out
  [   16] 15:40:14 SKIP forecast — pending unresolved
[data_fetcher] _api_get /market/history/kline?symbol=btcusdt&period=1min&size=5: TimeoutError: The read operation timed out
  [   17] 15:40:28 RESOLVED id=btcusdt-14-1785067762791 act=0.475 c_err=0.048 q_err=0.020 ret=+0.00000
  [   17] 15:40:28 p=64600.6 c=0.509 q=0.489 δ=0.67 status=pending fallback=saturation_gate target=15:41:28
[data_fetcher] _api_get /market/history/trade?symbol=btcusdt&size=2000: TimeoutError: The read operation timed out
  [   18] 15:40:41 SKIP forecast — pending unresolved
  [   19] 15:40:53 SKIP forecast — pending unresolved
  [   20] 15:41:04 SKIP forecast — pending unresolved
[data_fetcher] _api_get /market/history/kline?symbol=btcusdt&period=1min&size=5: TimeoutError: _ssl.c:1063: The handshake operation timed out
  [   21] 15:41:21 SKIP forecast — pending unresolved
[data_fetcher] _api_get /market/history/trade?symbol=btcusdt&size=2000: TimeoutError: _ssl.c:1063: The handshake operation timed out
[data_fetcher] _api_get /market/depth?symbol=btcusdt&type=step1&depth=20: TimeoutError: _ssl.c:1063: The handshake operation timed out
  [   22] 15:41:41 RESOLVED id=btcusdt-17-1785067828808 act=0.500 c_err=0.009 q_err=0.011 ret=+0.00000
  [   22] 15:41:42 p=64613.6 c=0.520 q=0.485 δ=0.83 status=pending fallback=saturation_gate target=15:42:41
[data_fetcher] _api_get /market/history/kline?symbol=btcusdt&period=1min&size=5: TimeoutError: The read operation timed out
[data_fetcher] _api_get /market/history/trade?symbol=btcusdt&size=2000: TimeoutError: The read operation timed out
  [   23] 15:42:00 SKIP forecast — pending unresolved
[data_fetcher] _api_get /market/history/kline?symbol=btcusdt&period=1min&size=5: TimeoutError: _ssl.c:1063: The handshake operation timed out
[data_fetcher] _api_get /market/history/trade?symbol=btcusdt&size=2000: TimeoutError: _ssl.c:1063: The handshake operation timed out[data_fetcher] _api_get /market/detail/merged?symbol=btcusdt: TimeoutError: _ssl.c:1063: The handshake operation timed out

[data_fetcher] _api_get /market/depth?symbol=btcusdt&type=step1&depth=20: TimeoutError: The read operation timed out
[data_fetcher] _api_get /market/detail/merged?symbol=btcusdt: TimeoutError: The read operation timed out
[data_fetcher] _api_get /market/history/trade?symbol=btcusdt&size=2000: TimeoutError: The read operation timed out
[data_fetcher] _api_get /market/history/kline?symbol=btcusdt&period=1min&size=5: TimeoutError: _ssl.c:1063: The handshake operation timed out
[data_fetcher] _api_get /market/depth?symbol=btcusdt&type=step1&depth=20: TimeoutError: _ssl.c:1063: The handshake operation timed out[data_fetcher] _api_get /market/detail/merged?symbol=btcusdt: TimeoutError: _ssl.c:1063: The handshake operation timed out

[data_fetcher] _api_get /market/history/trade?symbol=btcusdt&size=2000: TimeoutError: _ssl.c:1063: The handshake operation timed out
  [   24] 15:42:46 NO DATA — retrying in 5s
[data_fetcher] _api_get /market/detail/merged?symbol=btcusdt: TimeoutError: _ssl.c:1063: The handshake operation timed out
[data_fetcher] _api_get /market/history/kline?symbol=btcusdt&period=1min&size=5: TimeoutError: _ssl.c:1063: The handshake operation timed out
[data_fetcher] _api_get /market/depth?symbol=btcusdt&type=step1&depth=20: TimeoutError: _ssl.c:1063: The handshake operation timed out
[data_fetcher] _api_get /market/history/trade?symbol=btcusdt&size=2000: TimeoutError: _ssl.c:1063: The handshake operation timed out
[data_fetcher] _api_get /market/history/kline?symbol=btcusdt&period=1min&size=5: TimeoutError: _ssl.c:1063: The handshake operation timed out
[data_fetcher] _api_get /market/detail/merged?symbol=btcusdt: TimeoutError: The read operation timed out
[data_fetcher] _api_get /market/depth?symbol=btcusdt&type=step1&depth=20: TimeoutError: The read operation timed out
[data_fetcher] _api_get /market/history/trade?symbol=btcusdt&size=2000: TimeoutError: _ssl.c:1063: The handshake operation timed out
  [   25] 15:43:45 RESOLVED id=btcusdt-22-1785067901996 act=0.500 c_err=0.020 q_err=0.015 ret=+0.00000
  [   25] 15:43:45 p=64629.5 c=0.534 q=0.488 δ=0.74 status=pending fallback=saturation_gate target=15:44:45
[data_fetcher] _api_get /market/detail/merged?symbol=btcusdt: TimeoutError: _ssl.c:1063: The handshake operation timed out
[data_fetcher] _api_get /market/history/trade?symbol=btcusdt&size=2000: TimeoutError: The read operation timed out
[data_fetcher] _api_get /market/detail/merged?symbol=btcusdt: OSError: [Errno 101] Network is unreachable
[data_fetcher] _api_get /market/depth?symbol=btcusdt&type=step1&depth=20: TimeoutError: _ssl.c:1063: The handshake operation timed out
[data_fetcher] _api_get /market/history/kline?symbol=btcusdt&period=1min&size=5: TimeoutError: The read operation timed out
[data_fetcher] _api_get /market/history/trade?symbol=btcusdt&size=2000: TimeoutError: The read operation timed out
[data_fetcher] _api_get /market/history/kline?symbol=btcusdt&period=1min&size=5: TimeoutError: _ssl.c:1063: The handshake operation timed out
[data_fetcher] _api_get /market/history/trade?symbol=btcusdt&size=2000: TimeoutError: The read operation timed out
  [   26] 15:45:11 RESOLVED id=btcusdt-25-1785068025099 act=0.500 c_err=0.034 q_err=0.012 ret=+0.00000
  [   26] 15:45:11 p=64633.9 c=0.532 q=0.489 δ=0.76 status=pending fallback=saturation_gate target=15:46:11
[data_fetcher] _api_get /market/history/kline?symbol=btcusdt&period=1min&size=5: TimeoutError: _ssl.c:1063: The handshake operation timed out
  [   27] 15:45:26 SKIP forecast — pending unresolved
  [   28] 15:45:37 SKIP forecast — pending unresolved
  [   29] 15:45:45 SKIP forecast — pending unresolved
[data_fetcher] _api_get /market/history/kline?symbol=btcusdt&period=1min&size=5: TimeoutError: _ssl.c:1063: The handshake operation timed out
  [   30] 15:45:59 SKIP forecast — pending unresolved
  [   31] 15:46:09 SKIP forecast — pending unresolved
[data_fetcher] _api_get /market/detail/merged?symbol=btcusdt: TimeoutError: _ssl.c:1063: The handshake operation timed out
  [   32] 15:46:30 RESOLVED id=btcusdt-26-1785068111407 act=0.478 c_err=0.054 q_err=0.011 ret=+0.00000
  [   32] 15:46:30 p=64638.6 c=0.515 q=0.484 δ=0.82 status=pending fallback=saturation_gate target=15:47:30
  [   33] 15:46:38 SKIP forecast — pending unresolved
  [   34] 15:46:57 SKIP forecast — pending unresolved
  [   35] 15:47:19 SKIP forecast — pending unresolved
  [   36] 15:47:31 RESOLVED id=btcusdt-32-1785068190548 act=0.462 c_err=0.053 q_err=0.022 ret=+0.00000
  [   36] 15:47:31 p=64621.5 c=0.499 q=0.480 δ=1.00 status=pending fallback=saturation_gate target=15:48:31
  [   37] 15:47:42 SKIP forecast — pending unresolved
  [   38] 15:47:57 SKIP forecast — pending unresolved
[data_fetcher] _api_get /market/depth?symbol=btcusdt&type=step1&depth=20: TimeoutError: _ssl.c:1063: The handshake operation timed out
  [   39] 15:48:10 SKIP forecast — pending unresolved
[data_fetcher] _api_get /market/depth?symbol=btcusdt&type=step1&depth=20: TimeoutError: The read operation timed out
  [   40] 15:48:29 SKIP forecast — pending unresolved
  [   41] 15:48:40 RESOLVED id=btcusdt-36-1785068251767 act=0.456 c_err=0.043 q_err=0.025 ret=+0.00000
  [   41] 15:48:40 p=64603.4 c=0.498 q=0.469 δ=1.08 status=pending fallback=saturation_gate target=15:49:40
  [   42] 15:48:52 SKIP forecast — pending unresolved
[data_fetcher] _api_get /market/detail/merged?symbol=btcusdt: TimeoutError: _ssl.c:1063: The handshake operation timed out
[data_fetcher] _api_get /market/history/trade?symbol=btcusdt&size=2000: TimeoutError: _ssl.c:1063: The handshake operation timed out
  [   43] 15:49:11 SKIP forecast — pending unresolved
[data_fetcher] _api_get /market/detail/merged?symbol=btcusdt: TimeoutError: The read operation timed out
  [   44] 15:49:38 SKIP forecast — pending unresolved
[data_fetcher] _api_get /market/history/trade?symbol=btcusdt&size=2000: TimeoutError: _ssl.c:1063: The handshake operation timed out
[data_fetcher] _api_get /market/history/kline?symbol=btcusdt&period=1min&size=5: TimeoutError: _ssl.c:1063: The handshake operation timed out
  [   45] 15:49:54 RESOLVED id=btcusdt-41-1785068320516 act=0.500 c_err=0.002 q_err=0.031 ret=+0.00000
  [   45] 15:49:54 p=64573.4 c=0.520 q=0.469 δ=0.65 status=pending fallback=saturation_gate target=15:50:54
[data_fetcher] _api_get /market/depth?symbol=btcusdt&type=step1&depth=20: TimeoutError: _ssl.c:1063: The handshake operation timed out
  [   46] 15:50:06 SKIP forecast — pending unresolved
  [   47] 15:50:15 SKIP forecast — pending unresolved
[data_fetcher] _api_get /market/history/trade?symbol=btcusdt&size=2000: TimeoutError: The read operation timed out
  [   48] 15:50:28 SKIP forecast — pending unresolved
[data_fetcher] _api_get /market/depth?symbol=btcusdt&type=step1&depth=20: TimeoutError: The read operation timed out
[data_fetcher] _api_get /market/history/kline?symbol=btcusdt&period=1min&size=5: TimeoutError: _ssl.c:1063: The handshake operation timed out
  [   49] 15:50:44 SKIP forecast — pending unresolved
  [   50] 15:51:02 RESOLVED id=btcusdt-45-1785068394062 act=0.425 c_err=0.095 q_err=0.043 ret=+0.00000
  [   50] 15:51:02 p=64536.3 c=0.485 q=0.458 δ=1.04 status=pending fallback=saturation_gate target=15:52:02
[data_fetcher] _api_get /market/history/kline?symbol=btcusdt&period=1min&size=5: TimeoutError: _ssl.c:1063: The handshake operation timed out
  [   51] 15:51:26 SKIP forecast — pending unresolved
[data_fetcher] _api_get /market/history/kline?symbol=btcusdt&period=1min&size=5: TimeoutError: _ssl.c:1063: The handshake operation timed out
[data_fetcher] _api_get /market/history/trade?symbol=btcusdt&size=2000: TimeoutError: _ssl.c:1063: The handshake operation timed out
  [   52] 15:51:43 SKIP forecast — pending unresolved
  [   53] 15:51:55 SKIP forecast — pending unresolved
  [   54] 15:52:08 RESOLVED id=btcusdt-50-1785068462262 act=0.434 c_err=0.051 q_err=0.024 ret=+0.00000
  [   54] 15:52:08 p=64562.6 c=0.491 q=0.454 δ=0.69 status=pending fallback=saturation_gate target=15:53:08
  [   55] 15:52:22 SKIP forecast — pending unresolved
  [   56] 15:52:31 SKIP forecast — pending unresolved
[data_fetcher] _api_get /market/detail/merged?symbol=btcusdt: TimeoutError: The read operation timed out
  [   57] 15:52:48 SKIP forecast — pending unresolved
  [   58] 15:53:01 SKIP forecast — pending unresolved
  [   59] 15:53:14 RESOLVED id=btcusdt-54-1785068528625 act=0.430 c_err=0.061 q_err=0.024 ret=+0.00000
  [   59] 15:53:14 p=64589.4 c=0.475 q=0.444 δ=0.51 status=pending fallback=saturation_gate target=15:54:14
[data_fetcher] _api_get /market/depth?symbol=btcusdt&type=step1&depth=20: TimeoutError: _ssl.c:1063: The handshake operation timed out
[data_fetcher] _api_get /market/history/trade?symbol=btcusdt&size=2000: TimeoutError: _ssl.c:1063: The handshake operation timed out
  [   60] 15:53:26 SKIP forecast — pending unresolved
[data_fetcher] _api_get /market/history/kline?symbol=btcusdt&period=1min&size=5: TimeoutError: The read operation timed out
[data_fetcher] _api_get /market/history/trade?symbol=btcusdt&size=2000: TimeoutError: The read operation timed out
  [   61] 15:53:53 SKIP forecast — pending unresolved
[data_fetcher] _api_get /market/depth?symbol=btcusdt&type=step1&depth=20: TimeoutError: The read operation timed out
  [   62] 15:54:12 SKIP forecast — pending unresolved
  [   63] 15:54:22 RESOLVED id=btcusdt-59-1785068594604 act=0.426 c_err=0.049 q_err=0.018 ret=+0.00000
  [   63] 15:54:22 p=64589.4 c=0.477 q=0.444 δ=0.83 status=pending fallback=saturation_gate target=15:55:22
  [   64] 15:54:32 SKIP forecast — pending unresolved
  [   65] 15:54:44 SKIP forecast — pending unresolved
  [   66] 15:54:57 SKIP forecast — pending unresolved
[data_fetcher] _api_get /market/detail/merged?symbol=btcusdt: TimeoutError: _ssl.c:1063: The handshake operation timed out
  [   67] 15:55:19 SKIP forecast — pending unresolved
[data_fetcher] _api_get /market/detail/merged?symbol=btcusdt: TimeoutError: _ssl.c:1063: The handshake operation timed out
  [   68] 15:55:38 RESOLVED id=btcusdt-63-1785068662306 act=0.417 c_err=0.060 q_err=0.027 ret=+0.00000
  [   68] 15:55:38 p=64594.5 c=0.471 q=0.439 δ=0.57 status=pending fallback=saturation_gate target=15:56:38
  [   69] 15:55:47 SKIP forecast — pending unresolved
  [   70] 15:55:57 SKIP forecast — pending unresolved
  [   71] 15:56:08 SKIP forecast — pending unresolved
[data_fetcher] _api_get /market/history/kline?symbol=btcusdt&period=1min&size=5: TimeoutError: The read operation timed out
  [   72] 15:56:21 SKIP forecast — pending unresolved
  [   73] 15:56:29 SKIP forecast — pending unresolved
  [   74] 15:56:41 RESOLVED id=btcusdt-68-1785068738490 act=0.419 c_err=0.052 q_err=0.020 ret=+0.00000
  [   74] 15:56:41 p=64599.8 c=0.466 q=0.432 δ=0.48 status=pending fallback=saturation_gate target=15:57:41
  [   75] 15:56:50 SKIP forecast — pending unresolved
  [   76] 15:57:00 SKIP forecast — pending unresolved
  [   77] 15:57:14 SKIP forecast — pending unresolved
  [   78] 15:57:25 SKIP forecast — pending unresolved
[data_fetcher] _api_get /market/history/kline?symbol=btcusdt&period=1min&size=5: TimeoutError: _ssl.c:1063: The handshake operation timed out
  [   79] 15:57:38 SKIP forecast — pending unresolved
  [   80] 15:57:48 RESOLVED id=btcusdt-74-1785068801969 act=0.419 c_err=0.047 q_err=0.013 ret=+0.00000
  [   80] 15:57:48 p=64600.6 c=0.465 q=0.420 δ=0.51 status=pending fallback=saturation_gate target=15:58:48
  [   81] 15:57:56 SKIP forecast — pending unresolved
  [   82] 15:58:04 SKIP forecast — pending unresolved
  [   83] 15:58:11 SKIP forecast — pending unresolved
  [   84] 15:58:29 SKIP forecast — pending unresolved
  [   85] 15:58:43 SKIP forecast — pending unresolved
  [   86] 15:58:52 RESOLVED id=btcusdt-80-1785068868032 act=0.415 c_err=0.050 q_err=0.004 ret=+0.00000
  [   86] 15:58:52 p=64596.1 c=0.462 q=0.418 δ=0.47 status=pending fallback=saturation_gate target=15:59:52
  [   87] 15:59:02 SKIP forecast — pending unresolved
  [   88] 15:59:18 SKIP forecast — pending unresolved
  [   89] 15:59:32 SKIP forecast — pending unresolved
[data_fetcher] _api_get /market/detail/merged?symbol=btcusdt: TimeoutError: _ssl.c:1063: The handshake operation timed out
  [   90] 15:59:52 RESOLVED id=btcusdt-86-1785068932003 act=0.415 c_err=0.047 q_err=0.003 ret=+0.00000
  [   90] 15:59:52 p=64596.1 c=0.463 q=0.417 δ=0.45 status=pending fallback=saturation_gate target=16:00:52
  [   91] 16:00:03 SKIP forecast — pending unresolved
  [   92] 16:00:12 SKIP forecast — pending unresolved
[data_fetcher] _api_get /market/history/trade?symbol=btcusdt&size=2000: TimeoutError: _ssl.c:1063: The handshake operation timed out
  [   93] 16:00:26 SKIP forecast — pending unresolved
  [   94] 16:00:35 SKIP forecast — pending unresolved
  [   95] 16:00:48 SKIP forecast — pending unresolved
  [   96] 16:00:58 RESOLVED id=btcusdt-90-1785068992643 act=0.411 c_err=0.052 q_err=0.006 ret=+0.00000
  [   96] 16:00:58 p=64591.1 c=0.455 q=0.420 δ=0.65 status=pending fallback=saturation_gate target=16:01:58
  [   97] 16:01:13 SKIP forecast — pending unresolved
  [   98] 16:01:27 SKIP forecast — pending unresolved
  [   99] 16:01:48 SKIP forecast — pending unresolved
  [  100] 16:02:02 RESOLVED id=btcusdt-96-1785069058378 act=0.406 c_err=0.050 q_err=0.015 ret=+0.00000
  [  100] 16:02:02 p=64571.2 c=0.455 q=0.418 δ=0.68 status=pending fallback=saturation_gate target=16:03:02
  [  101] 16:02:20 SKIP forecast — pending unresolved
  [  102] 16:02:32 SKIP forecast — pending unresolved
  [  103] 16:02:43 SKIP forecast — pending unresolved
  [  104] 16:02:55 SKIP forecast — pending unresolved
  [  105] 16:03:03 RESOLVED id=btcusdt-100-1785069122874 act=0.404 c_err=0.052 q_err=0.014 ret=+0.00000
  [  105] 16:03:03 p=64581.0 c=0.453 q=0.414 δ=0.46 status=pending fallback=saturation_gate target=16:04:03
  [  106] 16:03:15 SKIP forecast — pending unresolved
  [  107] 16:03:28 SKIP forecast — pending unresolved
  [  108] 16:03:37 SKIP forecast — pending unresolved
  [  109] 16:03:49 SKIP forecast — pending unresolved
[data_fetcher] _api_get /market/history/kline?symbol=btcusdt&period=1min&size=5: TimeoutError: The read operation timed out
  [  110] 16:04:02 SKIP forecast — pending unresolved
[data_fetcher] _api_get /market/history/trade?symbol=btcusdt&size=2000: TimeoutError: _ssl.c:1063: The handshake operation timed out
  [  111] 16:04:14 RESOLVED id=btcusdt-105-1785069183824 act=0.500 c_err=0.047 q_err=0.086 ret=+0.00000
  [  111] 16:04:14 p=64576.4 c=0.501 q=0.411 δ=0.67 status=pending fallback=saturation_gate target=16:05:14
  [  112] 16:04:22 SKIP forecast — pending unresolved
  [  113] 16:04:32 SKIP forecast — pending unresolved
  [  114] 16:04:45 SKIP forecast — pending unresolved
  [  115] 16:04:54 SKIP forecast — pending unresolved
[data_fetcher] _api_get /market/detail/merged?symbol=btcusdt: TimeoutError: The read operation timed out
[data_fetcher] _api_get /market/depth?symbol=btcusdt&type=step1&depth=20: TimeoutError: _ssl.c:1063: The handshake operation timed out
  [  116] 16:05:15 RESOLVED id=btcusdt-111-1785069254640 act=0.405 c_err=0.097 q_err=0.006 ret=+0.00000
  [  116] 16:05:16 p=64576.4 c=0.458 q=0.545 δ=0.92 status=pending fallback=none target=16:06:15
  [  117] 16:05:27 SKIP forecast — pending unresolved
[data_fetcher] _api_get /market/detail/merged?symbol=btcusdt: TimeoutError: The read operation timed out
[data_fetcher] _api_get /market/detail/merged?symbol=btcusdt: TimeoutError: _ssl.c:1063: The handshake operation timed out
  [  118] 16:05:56 SKIP forecast — pending unresolved
[data_fetcher] _api_get /market/detail/merged?symbol=btcusdt: TimeoutError: _ssl.c:1063: The handshake operation timed out
[data_fetcher] _api_get /market/detail/merged?symbol=btcusdt: TimeoutError: The read operation timed out
[data_fetcher] _api_get /market/history/trade?symbol=btcusdt&size=2000: TimeoutError: _ssl.c:1063: The handshake operation timed out
  [  119] 16:06:30 RESOLVED id=btcusdt-116-1785069315985 act=0.405 c_err=0.053 q_err=0.141 ret=+0.00000
  [  119] 16:06:30 p=64574.8 c=0.457 q=0.555 δ=0.87 status=pending fallback=none target=16:07:30
[data_fetcher] _api_get /market/detail/merged?symbol=btcusdt: TimeoutError: _ssl.c:1063: The handshake operation timed out
[data_fetcher] _api_get /market/history/kline?symbol=btcusdt&period=1min&size=5: TimeoutError: _ssl.c:1063: The handshake operation timed out
  [  120] 16:06:51 SKIP forecast — pending unresolved
  [  121] 16:07:00 SKIP forecast — pending unresolved
  [  122] 16:07:11 SKIP forecast — pending unresolved
  [  123] 16:07:28 SKIP forecast — pending unresolved
  [  124] 16:07:36 RESOLVED id=btcusdt-119-1785069390888 act=0.405 c_err=0.052 q_err=0.150 ret=+0.00000
  [  124] 16:07:36 p=64576.4 c=0.454 q=0.411 δ=0.75 status=pending fallback=saturation_gate target=16:08:36
  [  125] 16:07:50 SKIP forecast — pending unresolved
  [  126] 16:07:59 SKIP forecast — pending unresolved
  [  127] 16:08:10 SKIP forecast — pending unresolved
  [  128] 16:08:27 SKIP forecast — pending unresolved
[data_fetcher] _api_get /market/history/trade?symbol=btcusdt&size=2000: TimeoutError: _ssl.c:1063: The handshake operation timed out
  [  129] 16:08:41 RESOLVED id=btcusdt-124-1785069456820 act=0.500 c_err=0.046 q_err=0.089 ret=+0.00000
  [  129] 16:08:41 p=64575.0 c=0.498 q=0.411 δ=0.72 status=pending fallback=saturation_gate target=16:09:41
  [  130] 16:08:53 SKIP forecast — pending unresolved
  [  131] 16:09:01 SKIP forecast — pending unresolved
[data_fetcher] _api_get /market/detail/merged?symbol=btcusdt: TimeoutError: _ssl.c:1063: The handshake operation timed out
  [  132] 16:09:19 SKIP forecast — pending unresolved
[data_fetcher] _api_get /market/history/trade?symbol=btcusdt&size=2000: TimeoutError: _ssl.c:1063: The handshake operation timed out
  [  133] 16:09:31 SKIP forecast — pending unresolved
  [  134] 16:09:48 RESOLVED id=btcusdt-129-1785069521239 act=0.403 c_err=0.095 q_err=0.008 ret=+0.00000
  [  134] 16:09:48 p=64556.1 c=0.485 q=0.417 δ=0.70 status=pending fallback=saturation_gate target=16:10:48
[data_fetcher] _api_get /market/depth?symbol=btcusdt&type=step1&depth=20: TimeoutError: _ssl.c:1063: The handshake operation timed out
  [  135] 16:10:01 SKIP forecast — pending unresolved
  [  136] 16:10:09 SKIP forecast — pending unresolved
  [  137] 16:10:20 SKIP forecast — pending unresolved
  [  138] 16:10:28 SKIP forecast — pending unresolved
[data_fetcher] _api_get /market/history/trade?symbol=btcusdt&size=2000: TimeoutError: _ssl.c:1063: The handshake operation timed out
  [  139] 16:10:40 SKIP forecast — pending unresolved
  [  140] 16:10:52 RESOLVED id=btcusdt-134-1785069588602 act=0.402 c_err=0.083 q_err=0.015 ret=+0.00000
  [  140] 16:10:52 p=64535.2 c=0.483 q=0.423 δ=0.72 status=pending fallback=saturation_gate target=16:11:52
  [  141] 16:11:04 SKIP forecast — pending unresolved
  [  142] 16:11:20 SKIP forecast — pending unresolved
[data_fetcher] _api_get /market/detail/merged?symbol=btcusdt: TimeoutError: _ssl.c:1063: The handshake operation timed out
[data_fetcher] _api_get /market/depth?symbol=btcusdt&type=step1&depth=20: TimeoutError: The read operation timed out
  [  143] 16:11:38 SKIP forecast — pending unresolved
[data_fetcher] _api_get /market/detail/merged?symbol=btcusdt: TimeoutError: _ssl.c:1063: The handshake operation timed out
  [  144] 16:11:54 RESOLVED id=btcusdt-140-1785069652643 act=0.389 c_err=0.094 q_err=0.035 ret=+0.00000
  [  144] 16:11:54 p=64528.7 c=0.444 q=0.413 δ=1.06 status=pending fallback=saturation_gate target=16:12:54
  [  145] 16:12:09 SKIP forecast — pending unresolved
[data_fetcher] _api_get /market/depth?symbol=btcusdt&type=step1&depth=20: TimeoutError: _ssl.c:1063: The handshake operation timed out
  [  146] 16:12:22 SKIP forecast — pending unresolved
  [  147] 16:12:31 SKIP forecast — pending unresolved
  [  148] 16:12:44 SKIP forecast — pending unresolved
[data_fetcher] _api_get /market/depth?symbol=btcusdt&type=step1&depth=20: TimeoutError: The read operation timed out
  [  149] 16:12:58 RESOLVED id=btcusdt-144-1785069714714 act=0.383 c_err=0.061 q_err=0.030 ret=+0.00000
  [  149] 16:12:58 p=64526.1 c=0.436 q=0.499 δ=1.32 status=pending fallback=none target=16:13:58
  [  150] 16:13:12 SKIP forecast — pending unresolved
  [  151] 16:13:23 SKIP forecast — pending unresolved
[data_fetcher] _api_get /market/history/trade?symbol=btcusdt&size=2000: TimeoutError: The read operation timed out
  [  152] 16:13:38 SKIP forecast — pending unresolved
[data_fetcher] _api_get /market/depth?symbol=btcusdt&type=step1&depth=20: TimeoutError: _ssl.c:1063: The handshake operation timed out
  [  153] 16:13:52 SKIP forecast — pending unresolved
  [  154] 16:14:03 RESOLVED id=btcusdt-149-1785069778485 act=0.381 c_err=0.055 q_err=0.119 ret=+0.00000
  [  154] 16:14:03 p=64523.5 c=0.448 q=0.474 δ=1.37 status=pending fallback=none target=16:15:03
[data_fetcher] _api_get /market/history/trade?symbol=btcusdt&size=2000: TimeoutError: _ssl.c:1063: The handshake operation timed out
  [  155] 16:14:17 SKIP forecast — pending unresolved
  [  156] 16:14:29 SKIP forecast — pending unresolved
  [  157] 16:14:40 SKIP forecast — pending unresolved
  [  158] 16:14:51 SKIP forecast — pending unresolved
  [  159] 16:15:02 SKIP forecast — pending unresolved
  [  160] 16:15:17 RESOLVED id=btcusdt-154-1785069843960 act=0.381 c_err=0.067 q_err=0.093 ret=+0.00000
  [  160] 16:15:17 p=64523.5 c=0.443 q=0.461 δ=1.41 status=pending fallback=none target=16:16:17
[data_fetcher] _api_get /market/history/kline?symbol=btcusdt&period=1min&size=5: TimeoutError: _ssl.c:1063: The handshake operation timed out
[data_fetcher] _api_get /market/depth?symbol=btcusdt&type=step1&depth=20: TimeoutError: _ssl.c:1063: The handshake operation timed out
  [  161] 16:15:29 SKIP forecast — pending unresolved
  [  162] 16:15:41 SKIP forecast — pending unresolved
  [  163] 16:15:52 SKIP forecast — pending unresolved
  [  164] 16:16:05 SKIP forecast — pending unresolved
  [  165] 16:16:18 RESOLVED id=btcusdt-160-1785069917411 act=0.322 c_err=0.121 q_err=0.139 ret=+0.00000
  [  165] 16:16:18 p=64500.0 c=0.398 q=0.510 δ=1.15 status=pending fallback=none target=16:17:18
  [  166] 16:16:28 SKIP forecast — pending unresolved
[data_fetcher] _api_get /market/depth?symbol=btcusdt&type=step1&depth=20: TimeoutError: The read operation timed out
  [  167] 16:16:41 SKIP forecast — pending unresolved
[data_fetcher] _api_get /market/history/trade?symbol=btcusdt&size=2000: TimeoutError: _ssl.c:1063: The handshake operation timed out
[data_fetcher] _api_get /market/history/kline?symbol=btcusdt&period=1min&size=5: TimeoutError: _ssl.c:1063: The handshake operation timed out
  [  168] 16:16:55 SKIP forecast — pending unresolved
[data_fetcher] _api_get /market/history/trade?symbol=btcusdt&size=2000: TimeoutError: _ssl.c:1063: The handshake operation timed out
  [  169] 16:17:24 RESOLVED id=btcusdt-165-1785069978947 act=0.500 c_err=0.102 q_err=0.010 ret=+0.00000
  [  169] 16:17:24 p=64486.1 c=0.528 q=0.385 δ=1.04 status=pending fallback=saturation_gate target=16:18:24
[data_fetcher] _api_get /market/history/kline?symbol=btcusdt&period=1min&size=5: TimeoutError: _ssl.c:1063: The handshake operation timed out
  [  170] 16:17:47 SKIP forecast — pending unresolved
[data_fetcher] _api_get /market/history/trade?symbol=btcusdt&size=2000: OSError: [Errno 101] Network is unreachable
[data_fetcher] _api_get /market/history/kline?symbol=btcusdt&period=1min&size=5: OSError: [Errno 101] Network is unreachable
[data_fetcher] _api_get /market/detail/merged?symbol=btcusdt: OSError: [Errno 101] Network is unreachable
[data_fetcher] _api_get /market/depth?symbol=btcusdt&type=step1&depth=20: OSError: [Errno 101] Network is unreachable
[data_fetcher] _api_get /market/detail/merged?symbol=btcusdt: OSError: [Errno 101] Network is unreachable
[data_fetcher] _api_get /market/history/kline?symbol=btcusdt&period=1min&size=5: OSError: [Errno 101] Network is unreachable
[data_fetcher] _api_get /market/depth?symbol=btcusdt&type=step1&depth=20: OSError: [Errno 101] Network is unreachable
[data_fetcher] _api_get /market/history/trade?symbol=btcusdt&size=2000: OSError: [Errno 101] Network is unreachable
[data_fetcher] _api_get /market/history/trade?symbol=btcusdt&size=2000: TimeoutError: _ssl.c:1063: The handshake operation timed out
[data_fetcher] _api_get /market/history/kline?symbol=btcusdt&period=1min&size=5: TimeoutError: _ssl.c:1063: The handshake operation timed out
[data_fetcher] _api_get /market/depth?symbol=btcusdt&type=step1&depth=20: TimeoutError: The read operation timed out
[data_fetcher] _api_get /market/detail/merged?symbol=btcusdt: TimeoutError: The read operation timed out
  [  171] 16:20:16 NO DATA — retrying in 5s
[data_fetcher] _api_get /market/depth?symbol=btcusdt&type=step1&depth=20: TimeoutError: _ssl.c:1063: The handshake operation timed out
[data_fetcher] _api_get /market/history/trade?symbol=btcusdt&size=2000: TimeoutError: _ssl.c:1063: The handshake operation timed out
  [  172] 16:20:30 RESOLVED id=btcusdt-169-1785070044701 act=0.500 c_err=0.028 q_err=0.115 ret=+0.00000
  [  172] 16:20:30 p=64470.2 c=0.482 q=0.523 δ=1.12 status=pending fallback=none target=16:21:30
[data_fetcher] _api_get /market/depth?symbol=btcusdt&type=step1&depth=20: TimeoutError: _ssl.c:1063: The handshake operation timed out
[data_fetcher] _api_get /market/history/trade?symbol=btcusdt&size=2000: TimeoutError: _ssl.c:1063: The handshake operation timed out
[data_fetcher] _api_get /market/detail/merged?symbol=btcusdt: TimeoutError: The read operation timed out
[data_fetcher] _api_get /market/detail/merged?symbol=btcusdt: TimeoutError: _ssl.c:1063: The handshake operation timed out
[data_fetcher] _api_get /market/history/kline?symbol=btcusdt&period=1min&size=5: TimeoutError: The read operation timed out
[data_fetcher] _api_get /market/history/kline?symbol=btcusdt&period=1min&size=5: OSError: [Errno 101] Network is unreachable
[data_fetcher] _api_get /market/history/trade?symbol=btcusdt&size=2000: OSError: [Errno 101] Network is unreachable
[data_fetcher] _api_get /market/detail/merged?symbol=btcusdt: OSError: [Errno 101] Network is unreachable
[data_fetcher] _api_get /market/depth?symbol=btcusdt&type=step1&depth=20: OSError: [Errno 101] Network is unreachable
  [  173] 16:21:42 NO DATA — retrying in 5s
[data_fetcher] _api_get /market/depth?symbol=btcusdt&type=step1&depth=20: TimeoutError: _ssl.c:1063: The handshake operation timed out
[data_fetcher] _api_get /market/detail/merged?symbol=btcusdt: TimeoutError: The read operation timed out
[data_fetcher] _api_get /market/history/kline?symbol=btcusdt&period=1min&size=5: TimeoutError: The read operation timed out
[data_fetcher] _api_get /market/history/trade?symbol=btcusdt&size=2000: TimeoutError: The read operation timed out
[data_fetcher] _api_get /market/detail/merged?symbol=btcusdt: TimeoutError: _ssl.c:1063: The handshake operation timed out
[data_fetcher] _api_get /market/history/kline?symbol=btcusdt&period=1min&size=5: TimeoutError: The read operation timed out
[data_fetcher] _api_get /market/history/trade?symbol=btcusdt&size=2000: TimeoutError: The read operation timed out
[data_fetcher] _api_get /market/depth?symbol=btcusdt&type=step1&depth=20: OSError: [Errno 101] Network is unreachable
[data_fetcher] _api_get /market/depth?symbol=btcusdt&type=step1&depth=20: TimeoutError: _ssl.c:1063: The handshake operation timed out
[data_fetcher] _api_get /market/history/trade?symbol=btcusdt&size=2000: TimeoutError: The read operation timed out
  [  174] 16:22:54 RESOLVED id=btcusdt-172-1785070230647 act=0.500 c_err=0.018 q_err=0.023 ret=+0.00000
  [  174] 16:22:54 p=64489.8 c=0.472 q=0.503 δ=1.24 status=pending fallback=none target=16:23:54
[data_fetcher] _api_get /market/detail/merged?symbol=btcusdt: TimeoutError: _ssl.c:1063: The handshake operation timed out
[data_fetcher] _api_get /market/history/trade?symbol=btcusdt&size=2000: TimeoutError: _ssl.c:1063: The handshake operation timed out
[data_fetcher] _api_get /market/depth?symbol=btcusdt&type=step1&depth=20: TimeoutError: The read operation timed out
[data_fetcher] _api_get /market/history/kline?symbol=btcusdt&period=1min&size=5: TimeoutError: _ssl.c:1063: The handshake operation timed out
  [  175] 16:23:51 SKIP forecast — pending unresolved
[data_fetcher] _api_get /market/history/trade?symbol=btcusdt&size=2000: TimeoutError: The read operation timed out
  [  176] 16:24:03 RESOLVED id=btcusdt-174-1785070374164 act=0.500 c_err=0.028 q_err=0.003 ret=+0.00000
  [  176] 16:24:03 p=64489.8 c=0.486 q=0.385 δ=0.89 status=pending fallback=saturation_gate target=16:25:03
[data_fetcher] _api_get /market/depth?symbol=btcusdt&type=step1&depth=20: TimeoutError: _ssl.c:1063: The handshake operation timed out
  [  177] 16:24:17 SKIP forecast — pending unresolved
  [  178] 16:24:27 SKIP forecast — pending unresolved
[data_fetcher] _api_get /market/history/trade?symbol=btcusdt&size=2000: TimeoutError: _ssl.c:1063: The handshake operation timed out
  [  179] 16:24:39 SKIP forecast — pending unresolved
  [  180] 16:24:46 SKIP forecast — pending unresolved
  [  181] 16:24:54 SKIP forecast — pending unresolved
  [  182] 16:25:04 RESOLVED id=btcusdt-176-1785070443924 act=0.262 c_err=0.224 q_err=0.123 ret=+0.00000
  [  182] 16:25:04 p=64489.8 c=0.349 q=0.359 δ=0.50 status=pending fallback=saturation_gate target=16:26:04
  [  183] 16:25:11 SKIP forecast — pending unresolved
  [  184] 16:25:19 SKIP forecast — pending unresolved
  [  185] 16:25:28 SKIP forecast — pending unresolved
  [  186] 16:25:37 SKIP forecast — pending unresolved
  [  187] 16:25:47 SKIP forecast — pending unresolved
  [  188] 16:25:57 SKIP forecast — pending unresolved
  [  189] 16:26:07 RESOLVED id=btcusdt-182-1785070504477 act=0.262 c_err=0.087 q_err=0.097 ret=+0.00000
  [  189] 16:26:07 p=64489.8 c=0.338 q=0.294 δ=0.37 status=pending fallback=saturation_gate target=16:27:07
  [  190] 16:26:19 SKIP forecast — pending unresolved
  [  191] 16:26:26 SKIP forecast — pending unresolved
  [  192] 16:26:37 SKIP forecast — pending unresolved
  [  193] 16:26:46 SKIP forecast — pending unresolved
  [  194] 16:26:54 SKIP forecast — pending unresolved
[data_fetcher] _api_get /market/history/trade?symbol=btcusdt&size=2000: TimeoutError: _ssl.c:1063: The handshake operation timed out
  [  195] 16:27:06 SKIP forecast — pending unresolved
  [  196] 16:27:16 RESOLVED id=btcusdt-189-1785070567169 act=0.262 c_err=0.076 q_err=0.032 ret=+0.00000
  [  196] 16:27:16 p=64495.0 c=0.411 q=0.278 δ=0.41 status=pending fallback=saturation_gate target=16:28:16
  [  197] 16:27:28 SKIP forecast — pending unresolved
  [  198] 16:27:39 SKIP forecast — pending unresolved
  [  199] 16:27:47 SKIP forecast — pending unresolved
  [  200] 16:27:57 SKIP forecast — pending unresolved
  [  201] 16:28:07 SKIP forecast — pending unresolved
[data_fetcher] _api_get /market/depth?symbol=btcusdt&type=step1&depth=20: TimeoutError: _ssl.c:1063: The handshake operation timed out
  [  202] 16:28:19 RESOLVED id=btcusdt-196-1785070636416 act=0.263 c_err=0.148 q_err=0.015 ret=+0.00000
  [  202] 16:28:19 p=64489.9 c=0.343 q=0.278 δ=0.89 status=pending fallback=saturation_gate target=16:29:19
[data_fetcher] _api_get /market/history/trade?symbol=btcusdt&size=2000: TimeoutError: _ssl.c:1063: The handshake operation timed out
  [  203] 16:28:31 SKIP forecast — pending unresolved
[data_fetcher] _api_get /market/detail/merged?symbol=btcusdt: TimeoutError: _ssl.c:1063: The handshake operation timed out
  [  204] 16:28:51 SKIP forecast — pending unresolved
[data_fetcher] _api_get /market/history/trade?symbol=btcusdt&size=2000: TimeoutError: The read operation timed out
  [  205] 16:29:04 SKIP forecast — pending unresolved
  [  206] 16:29:12 SKIP forecast — pending unresolved
  [  207] 16:29:22 RESOLVED id=btcusdt-202-1785070699796 act=0.263 c_err=0.080 q_err=0.015 ret=+0.00000
  [  207] 16:29:22 p=64485.7 c=0.321 q=0.310 δ=0.90 status=pending fallback=saturation_gate target=16:30:22
  [  208] 16:29:36 SKIP forecast — pending unresolved
  [  209] 16:29:47 SKIP forecast — pending unresolved
[data_fetcher] _api_get /market/history/trade?symbol=btcusdt&size=2000: TimeoutError: The read operation timed out
  [  210] 16:30:00 SKIP forecast — pending unresolved
  [  211] 16:30:15 SKIP forecast — pending unresolved
[data_fetcher] _api_get /market/history/trade?symbol=btcusdt&size=2000: TimeoutError: _ssl.c:1063: The handshake operation timed out
  [  212] 16:30:27 RESOLVED id=btcusdt-207-1785070762850 act=0.500 c_err=0.179 q_err=0.190 ret=+0.00000
  [  212] 16:30:27 p=64485.7 c=0.492 q=0.326 δ=0.63 status=pending fallback=saturation_gate target=16:31:27
[data_fetcher] _api_get /market/history/trade?symbol=btcusdt&size=2000: TimeoutError: _ssl.c:1063: The handshake operation timed out
  [  213] 16:30:39 SKIP forecast — pending unresolved
  [  214] 16:30:50 SKIP forecast — pending unresolved
[data_fetcher] _api_get /market/detail/merged?symbol=btcusdt: TimeoutError: _ssl.c:1063: The handshake operation timed out
[data_fetcher] _api_get /market/history/trade?symbol=btcusdt&size=2000: TimeoutError: _ssl.c:1063: The handshake operation timed out
  [  215] 16:31:11 SKIP forecast — pending unresolved
[data_fetcher] _api_get /market/history/kline?symbol=btcusdt&period=1min&size=5: TimeoutError: _ssl.c:1063: The handshake operation timed out
  [  216] 16:31:22 SKIP forecast — pending unresolved
  [  217] 16:31:33 RESOLVED id=btcusdt-212-1785070827180 act=0.266 c_err=0.226 q_err=0.061 ret=+0.00000
  [  217] 16:31:33 p=64485.7 c=0.312 q=0.342 δ=0.71 status=pending fallback=saturation_gate target=16:32:32
[data_fetcher] _api_get /market/history/trade?symbol=btcusdt&size=2000: TimeoutError: The read operation timed out
  [  218] 16:31:46 SKIP forecast — pending unresolved
  [  219] 16:31:56 SKIP forecast — pending unresolved
[data_fetcher] _api_get /market/detail/merged?symbol=btcusdt: TimeoutError: _ssl.c:1063: The handshake operation timed out
[data_fetcher] _api_get /market/history/kline?symbol=btcusdt&period=1min&size=5: TimeoutError: _ssl.c:1063: The handshake operation timed out
  [  220] 16:32:16 SKIP forecast — pending unresolved
  [  221] 16:32:28 SKIP forecast — pending unresolved
  [  222] 16:32:37 RESOLVED id=btcusdt-217-1785070892977 act=0.266 c_err=0.046 q_err=0.077 ret=+0.00000
  [  222] 16:32:37 p=64485.7 c=0.301 q=0.327 δ=0.45 status=pending fallback=saturation_gate target=16:33:37
[data_fetcher] _api_get /market/depth?symbol=btcusdt&type=step1&depth=20: TimeoutError: _ssl.c:1063: The handshake operation timed out
[data_fetcher] _api_get /market/detail/merged?symbol=btcusdt: TimeoutError: _ssl.c:1063: The handshake operation timed out
  [  223] 16:32:53 SKIP forecast — pending unresolved
  [  224] 16:33:01 SKIP forecast — pending unresolved
  [  225] 16:33:12 SKIP forecast — pending unresolved
  [  226] 16:33:22 SKIP forecast — pending unresolved
  [  227] 16:33:37 RESOLVED id=btcusdt-222-1785070957099 act=0.266 c_err=0.036 q_err=0.062 ret=+0.00000
  [  227] 16:33:37 p=64458.6 c=0.346 q=0.296 δ=0.44 status=pending fallback=saturation_gate target=16:34:37
  [  228] 16:33:48 SKIP forecast — pending unresolved
  [  229] 16:34:00 SKIP forecast — pending unresolved
[data_fetcher] _api_get /market/history/kline?symbol=btcusdt&period=1min&size=5: TimeoutError: _ssl.c:1063: The handshake operation timed out
  [  230] 16:34:14 SKIP forecast — pending unresolved
  [  231] 16:34:22 SKIP forecast — pending unresolved
[data_fetcher] _api_get /market/depth?symbol=btcusdt&type=step1&depth=20: TimeoutError: _ssl.c:1063: The handshake operation timed out
[data_fetcher] _api_get /market/history/kline?symbol=btcusdt&period=1min&size=5: TimeoutError: _ssl.c:1063: The handshake operation timed out
  [  232] 16:34:35 SKIP forecast — pending unresolved
  [  233] 16:34:44 RESOLVED id=btcusdt-227-1785071017825 act=0.266 c_err=0.081 q_err=0.031 ret=+0.00000
  [  233] 16:34:44 p=64448.6 c=0.341 q=0.266 δ=0.75 status=pending fallback=saturation_gate target=16:35:44
  [  234] 16:34:57 SKIP forecast — pending unresolved
[data_fetcher] _api_get /market/history/kline?symbol=btcusdt&period=1min&size=5: TimeoutError: The read operation timed out
  [  235] 16:35:09 SKIP forecast — pending unresolved
  [  236] 16:35:18 SKIP forecast — pending unresolved
  [  237] 16:35:28 SKIP forecast — pending unresolved
[data_fetcher] _api_get /market/history/trade?symbol=btcusdt&size=2000: TimeoutError: _ssl.c:1063: The handshake operation timed out
  [  238] 16:35:40 SKIP forecast — pending unresolved
  [  239] 16:35:50 RESOLVED id=btcusdt-233-1785071084601 act=0.258 c_err=0.083 q_err=0.008 ret=+0.00000
  [  239] 16:35:50 p=64439.3 c=0.406 q=0.278 δ=0.44 status=pending fallback=saturation_gate target=16:36:50
  [  240] 16:36:03 SKIP forecast — pending unresolved
  [  241] 16:36:13 SKIP forecast — pending unresolved
  [  242] 16:36:25 SKIP forecast — pending unresolved
  [  243] 16:36:35 SKIP forecast — pending unresolved
  [  244] 16:36:47 SKIP forecast — pending unresolved
  [  245] 16:37:07 RESOLVED id=btcusdt-239-1785071150859 act=0.259 c_err=0.148 q_err=0.020 ret=+0.00000
  [  245] 16:37:07 p=64445.1 c=0.344 q=0.276 δ=0.39 status=pending fallback=saturation_gate target=16:38:07
[data_fetcher] _api_get /market/detail/merged?symbol=btcusdt: TimeoutError: _ssl.c:1063: The handshake operation timed out
  [  246] 16:37:30 SKIP forecast — pending unresolved
  [  247] 16:37:39 SKIP forecast — pending unresolved
  [  248] 16:37:52 SKIP forecast — pending unresolved
  [  249] 16:38:09 RESOLVED id=btcusdt-245-1785071227029 act=0.262 c_err=0.083 q_err=0.014 ret=+0.00000
  [  249] 16:38:09 p=64449.9 c=0.337 q=0.275 δ=0.65 status=pending fallback=saturation_gate target=16:39:09
  [  250] 16:38:16 SKIP forecast — pending unresolved
  [  251] 16:38:28 SKIP forecast — pending unresolved
  [  252] 16:38:41 SKIP forecast — pending unresolved
  [  253] 16:38:52 SKIP forecast — pending unresolved
  [  254] 16:39:03 SKIP forecast — pending unresolved
  [  255] 16:39:13 RESOLVED id=btcusdt-249-1785071289513 act=0.261 c_err=0.077 q_err=0.014 ret=+0.00000
  [  255] 16:39:13 p=64437.2 c=0.337 q=0.260 δ=0.34 status=pending fallback=saturation_gate target=16:40:13
  [  256] 16:39:23 SKIP forecast — pending unresolved
  [  257] 16:39:34 SKIP forecast — pending unresolved
  [  258] 16:39:43 SKIP forecast — pending unresolved
  [  259] 16:39:55 SKIP forecast — pending unresolved
[data_fetcher] _api_get /market/detail/merged?symbol=btcusdt: TimeoutError: _ssl.c:1063: The handshake operation timed out
  [  260] 16:40:12 SKIP forecast — pending unresolved
[data_fetcher] _api_get /market/history/kline?symbol=btcusdt&period=1min&size=5: TimeoutError: The read operation timed out
  [  261] 16:40:24 RESOLVED id=btcusdt-255-1785071353533 act=0.258 c_err=0.079 q_err=0.002 ret=+0.00000
  [  261] 16:40:24 p=64429.6 c=0.335 q=0.260 δ=0.52 status=pending fallback=saturation_gate target=16:41:24
  [  262] 16:40:36 SKIP forecast — pending unresolved
  [  263] 16:40:48 SKIP forecast — pending unresolved
  [  264] 16:40:59 SKIP forecast — pending unresolved
  [  265] 16:41:11 SKIP forecast — pending unresolved
  [  266] 16:41:20 SKIP forecast — pending unresolved
  [  267] 16:41:32 RESOLVED id=btcusdt-261-1785071424941 act=0.263 c_err=0.072 q_err=0.003 ret=+0.00000
  [  267] 16:41:32 p=64436.1 c=0.338 q=0.261 δ=0.44 status=pending fallback=saturation_gate target=16:42:32
  [  268] 16:41:44 SKIP forecast — pending unresolved
  [  269] 16:41:52 SKIP forecast — pending unresolved
[data_fetcher] _api_get /market/detail/merged?symbol=btcusdt: TimeoutError: _ssl.c:1063: The handshake operation timed out
  [  270] 16:42:13 SKIP forecast — pending unresolved
  [  271] 16:42:23 SKIP forecast — pending unresolved
[data_fetcher] _api_get /market/detail/merged?symbol=btcusdt: TimeoutError: _ssl.c:1063: The handshake operation timed out
[data_fetcher] _api_get /market/history/trade?symbol=btcusdt&size=2000: TimeoutError: _ssl.c:1063: The handshake operation timed out
[data_fetcher] _api_get /market/history/trade?symbol=btcusdt&size=2000: TimeoutError: _ssl.c:1063: The handshake operation timed out
  [  272] 16:42:43 RESOLVED id=btcusdt-267-1785071492860 act=0.500 c_err=0.162 q_err=0.239 ret=+0.00000
  [  272] 16:42:43 p=64443.0 c=0.455 q=0.278 δ=0.45 status=pending fallback=saturation_gate target=16:43:43
  [  273] 16:42:50 SKIP forecast — pending unresolved
  [  274] 16:43:00 SKIP forecast — pending unresolved
[data_fetcher] _api_get /market/history/kline?symbol=btcusdt&period=1min&size=5: TimeoutError: _ssl.c:1063: The handshake operation timed out
[data_fetcher] _api_get /market/depth?symbol=btcusdt&type=step1&depth=20: TimeoutError: _ssl.c:1063: The handshake operation timed out
  [  275] 16:43:14 SKIP forecast — pending unresolved
  [  276] 16:43:23 SKIP forecast — pending unresolved
  [  277] 16:43:31 SKIP forecast — pending unresolved
  [  278] 16:43:42 SKIP forecast — pending unresolved
[data_fetcher] _api_get /market/depth?symbol=btcusdt&type=step1&depth=20: TimeoutError: _ssl.c:1063: The handshake operation timed out
[data_fetcher] _api_get /market/detail/merged?symbol=btcusdt: TimeoutError: The read operation timed out
  [  279] 16:43:57 RESOLVED id=btcusdt-272-1785071563195 act=0.264 c_err=0.192 q_err=0.014 ret=+0.00000
  [  279] 16:43:57 p=64441.7 c=0.348 q=0.279 δ=0.51 status=pending fallback=saturation_gate target=16:44:57
[data_fetcher] _api_get /market/history/kline?symbol=btcusdt&period=1min&size=5: TimeoutError: _ssl.c:1063: The handshake operation timed out
  [  280] 16:44:09 SKIP forecast — pending unresolved
  [  281] 16:44:16 SKIP forecast — pending unresolved
  [  282] 16:44:29 SKIP forecast — pending unresolved
  [  283] 16:44:36 SKIP forecast — pending unresolved
[data_fetcher] _api_get /market/history/trade?symbol=btcusdt&size=2000: TimeoutError: _ssl.c:1063: The handshake operation timed out
  [  284] 16:44:47 SKIP forecast — pending unresolved
[data_fetcher] _api_get /market/history/kline?symbol=btcusdt&period=1min&size=5: TimeoutError: _ssl.c:1063: The handshake operation timed out
  [  285] 16:44:59 RESOLVED id=btcusdt-279-1785071637618 act=0.264 c_err=0.085 q_err=0.016 ret=+0.00000
  [  285] 16:44:59 p=64441.7 c=0.407 q=0.295 δ=0.45 status=pending fallback=saturation_gate target=16:45:59
  [  286] 16:45:07 SKIP forecast — pending unresolved
  [  287] 16:45:21 SKIP forecast — pending unresolved
[data_fetcher] _api_get /market/history/kline?symbol=btcusdt&period=1min&size=5: TimeoutError: _ssl.c:1063: The handshake operation timed out
[data_fetcher] _api_get /market/detail/merged?symbol=btcusdt: TimeoutError: _ssl.c:1063: The handshake operation timed out
  [  288] 16:45:39 SKIP forecast — pending unresolved
  [  289] 16:45:52 SKIP forecast — pending unresolved
  [  290] 16:46:07 RESOLVED id=btcusdt-285-1785071699564 act=0.271 c_err=0.137 q_err=0.025 ret=+0.00000
  [  290] 16:46:07 p=64454.4 c=0.351 q=0.281 δ=0.35 status=pending fallback=saturation_gate target=16:47:07
  [  291] 16:46:21 SKIP forecast — pending unresolved
  [  292] 16:46:35 SKIP forecast — pending unresolved
  [  293] 16:46:46 SKIP forecast — pending unresolved
  [  294] 16:46:56 SKIP forecast — pending unresolved
  [  295] 16:47:04 SKIP forecast — pending unresolved
  [  296] 16:47:16 RESOLVED id=btcusdt-290-1785071767898 act=0.274 c_err=0.077 q_err=0.007 ret=+0.00000
  [  296] 16:47:16 p=64473.3 c=0.347 q=0.285 δ=0.29 status=pending fallback=saturation_gate target=16:48:16
  [  297] 16:47:32 SKIP forecast — pending unresolved
  [  298] 16:47:40 SKIP forecast — pending unresolved
  [  299] 16:47:53 SKIP forecast — pending unresolved
  [  300] 16:48:05 SKIP forecast — pending unresolved
  [  301] 16:48:15 SKIP forecast — pending unresolved
  [  302] 16:48:23 RESOLVED id=btcusdt-296-1785071836780 act=0.274 c_err=0.073 q_err=0.011 ret=+0.00000
  [  302] 16:48:23 p=64486.2 c=0.347 q=0.273 δ=0.26 status=pending fallback=saturation_gate target=16:49:23
[data_fetcher] _api_get /market/history/trade?symbol=btcusdt&size=2000: TimeoutError: _ssl.c:1063: The handshake operation timed out
  [  303] 16:48:35 SKIP forecast — pending unresolved
  [  304] 16:48:45 SKIP forecast — pending unresolved
[data_fetcher] _api_get /market/detail/merged?symbol=btcusdt: TimeoutError: _ssl.c:1063: The handshake operation timed out
  [  305] 16:49:05 SKIP forecast — pending unresolved
[data_fetcher] _api_get /market/history/trade?symbol=btcusdt&size=2000: TimeoutError: _ssl.c:1063: The handshake operation timed out
[data_fetcher] _api_get /market/history/kline?symbol=btcusdt&period=1min&size=5: TimeoutError: _ssl.c:1063: The handshake operation timed out
  [  306] 16:49:17 SKIP forecast — pending unresolved
  [  307] 16:49:28 RESOLVED id=btcusdt-302-1785071903404 act=0.274 c_err=0.074 q_err=0.001 ret=+0.00000
  [  307] 16:49:28 p=64486.2 c=0.367 q=0.304 δ=0.25 status=pending fallback=saturation_gate target=16:50:28
  [  308] 16:49:36 SKIP forecast — pending unresolved
  [  309] 16:49:46 SKIP forecast — pending unresolved
[data_fetcher] _api_get /market/detail/merged?symbol=btcusdt: TimeoutError: _ssl.c:1063: The handshake operation timed out
  [  310] 16:50:04 SKIP forecast — pending unresolved
  [  311] 16:50:13 SKIP forecast — pending unresolved
  [  312] 16:50:22 SKIP forecast — pending unresolved
  [  313] 16:50:32 RESOLVED id=btcusdt-307-1785071968648 act=0.276 c_err=0.091 q_err=0.028 ret=+0.00000
  [  313] 16:50:32 p=64499.4 c=0.355 q=0.304 δ=0.35 status=pending fallback=saturation_gate target=16:51:32
[data_fetcher] _api_get /market/history/kline?symbol=btcusdt&period=1min&size=5: TimeoutError: _ssl.c:1063: The handshake operation timed out
  [  314] 16:50:44 SKIP forecast — pending unresolved
  [  315] 16:50:56 SKIP forecast — pending unresolved
  [  316] 16:51:06 SKIP forecast — pending unresolved
  [  317] 16:51:17 SKIP forecast — pending unresolved
  [  318] 16:51:30 SKIP forecast — pending unresolved
  [  319] 16:51:39 RESOLVED id=btcusdt-313-1785072032282 act=0.274 c_err=0.081 q_err=0.030 ret=+0.00000
  [  319] 16:51:39 p=64534.8 c=0.347 q=0.290 δ=0.31 status=pending fallback=saturation_gate target=16:52:39
  [  320] 16:51:46 SKIP forecast — pending unresolved
  [  321] 16:51:57 SKIP forecast — pending unresolved
  [  322] 16:52:07 SKIP forecast — pending unresolved
  [  323] 16:52:14 SKIP forecast — pending unresolved
  [  324] 16:52:21 SKIP forecast — pending unresolved
  [  325] 16:52:29 SKIP forecast — pending unresolved
  [  326] 16:52:39 SKIP forecast — pending unresolved
[data_fetcher] _api_get /market/detail/merged?symbol=btcusdt: TimeoutError: _ssl.c:1063: The handshake operation timed out
[data_fetcher] _api_get /market/history/trade?symbol=btcusdt&size=2000: TimeoutError: _ssl.c:1063: The handshake operation timed out
  [  327] 16:52:57 RESOLVED id=btcusdt-319-1785072099364 act=0.259 c_err=0.088 q_err=0.031 ret=+0.00000
  [  327] 16:52:57 p=64525.0 c=0.334 q=0.271 δ=0.48 status=pending fallback=saturation_gate target=16:53:57
  [  328] 16:53:08 SKIP forecast — pending unresolved
[data_fetcher] _api_get /market/depth?symbol=btcusdt&type=step1&depth=20: TimeoutError: _ssl.c:1063: The handshake operation timed out
  [  329] 16:53:21 SKIP forecast — pending unresolved
  [  330] 16:53:28 SKIP forecast — pending unresolved
  [  331] 16:53:40 SKIP forecast — pending unresolved
[data_fetcher] _api_get /market/detail/merged?symbol=btcusdt: TimeoutError: The read operation timed out
  [  332] 16:54:00 RESOLVED id=btcusdt-327-1785072177574 act=0.259 c_err=0.075 q_err=0.012 ret=+0.00000
  [  332] 16:54:00 p=64525.0 c=0.336 q=0.265 δ=0.59 status=pending fallback=saturation_gate target=16:55:00
  [  333] 16:54:09 SKIP forecast — pending unresolved
  [  334] 16:54:19 SKIP forecast — pending unresolved
  [  335] 16:54:28 SKIP forecast — pending unresolved
  [  336] 16:54:39 SKIP forecast — pending unresolved
  [  337] 16:54:47 SKIP forecast — pending unresolved
[data_fetcher] _api_get /market/depth?symbol=btcusdt&type=step1&depth=20: TimeoutError: _ssl.c:1063: The handshake operation timed out
  [  338] 16:54:59 SKIP forecast — pending unresolved
  [  339] 16:55:10 RESOLVED id=btcusdt-332-1785072240756 act=0.258 c_err=0.078 q_err=0.007 ret=+0.00000
  [  339] 16:55:10 p=64522.2 c=0.335 q=0.259 δ=0.68 status=pending fallback=saturation_gate target=16:56:09
  [  340] 16:55:18 SKIP forecast — pending unresolved
  [  341] 16:55:27 SKIP forecast — pending unresolved
  [  342] 16:55:40 SKIP forecast — pending unresolved
[data_fetcher] _api_get /market/history/kline?symbol=btcusdt&period=1min&size=5: TimeoutError: _ssl.c:1063: The handshake operation timed out
  [  343] 16:55:51 SKIP forecast — pending unresolved
  [  344] 16:55:59 SKIP forecast — pending unresolved
  [  345] 16:56:10 RESOLVED id=btcusdt-339-1785072309998 act=0.257 c_err=0.078 q_err=0.002 ret=+0.00000
  [  345] 16:56:10 p=64511.0 c=0.334 q=0.258 δ=0.73 status=pending fallback=saturation_gate target=16:57:10
  [  346] 16:56:19 SKIP forecast — pending unresolved
  [  347] 16:56:30 SKIP forecast — pending unresolved
  [  348] 16:56:38 SKIP forecast — pending unresolved
  [  349] 16:56:50 SKIP forecast — pending unresolved
  [  350] 16:57:00 SKIP forecast — pending unresolved
  [  351] 16:57:11 RESOLVED id=btcusdt-345-1785072370051 act=0.258 c_err=0.076 q_err=0.000 ret=+0.00000
  [  351] 16:57:11 p=64504.3 c=0.334 q=0.258 δ=0.52 status=pending fallback=saturation_gate target=16:58:11
  [  352] 16:57:24 SKIP forecast — pending unresolved
  [  353] 16:57:33 SKIP forecast — pending unresolved
  [  354] 16:57:42 SKIP forecast — pending unresolved
  [  355] 16:57:50 SKIP forecast — pending unresolved
  [  356] 16:57:57 SKIP forecast — pending unresolved
  [  357] 16:58:05 SKIP forecast — pending unresolved
  [  358] 16:58:15 RESOLVED id=btcusdt-351-1785072431822 act=0.257 c_err=0.078 q_err=0.001 ret=+0.00000
  [  358] 16:58:15 p=64492.9 c=0.333 q=0.257 δ=0.58 status=pending fallback=saturation_gate target=16:59:15
  [  359] 16:58:25 SKIP forecast — pending unresolved
  [  360] 16:58:38 SKIP forecast — pending unresolved
  [  361] 16:58:46 SKIP forecast — pending unresolved
  [  362] 16:59:01 SKIP forecast — pending unresolved
[data_fetcher] _api_get /market/depth?symbol=btcusdt&type=step1&depth=20: TimeoutError: _ssl.c:1063: The handshake operation timed out
  [  363] 16:59:15 SKIP forecast — pending unresolved
  [  364] 16:59:27 RESOLVED id=btcusdt-358-1785072495605 act=0.251 c_err=0.082 q_err=0.006 ret=+0.00000
  [  364] 16:59:27 p=64482.1 c=0.330 q=0.255 δ=0.88 status=pending fallback=saturation_gate target=17:00:27
[data_fetcher] _api_get /market/history/trade?symbol=btcusdt&size=2000: TimeoutError: _ssl.c:1063: The handshake operation timed out
  [  365] 16:59:38 SKIP forecast — pending unresolved
  [  366] 16:59:47 SKIP forecast — pending unresolved
  [  367] 16:59:55 SKIP forecast — pending unresolved
  [  368] 17:00:05 SKIP forecast — pending unresolved
  [  369] 17:00:12 SKIP forecast — pending unresolved
  [  370] 17:00:21 SKIP forecast — pending unresolved
  [  371] 17:00:31 RESOLVED id=btcusdt-364-1785072567073 act=0.253 c_err=0.077 q_err=0.002 ret=+0.00000
  [  371] 17:00:31 p=64485.8 c=0.340 q=0.269 δ=0.59 status=pending fallback=saturation_gate target=17:01:31
  [  372] 17:00:39 SKIP forecast — pending unresolved
  [  373] 17:00:48 SKIP forecast — pending unresolved
  [  374] 17:00:56 SKIP forecast — pending unresolved
[data_fetcher] _api_get /market/history/trade?symbol=btcusdt&size=2000: TimeoutError: The read operation timed out
[data_fetcher] _api_get /market/depth?symbol=btcusdt&type=step1&depth=20: TimeoutError: _ssl.c:1063: The handshake operation timed out
  [  375] 17:01:10 SKIP forecast — pending unresolved
  [  376] 17:01:20 SKIP forecast — pending unresolved
  [  377] 17:01:35 RESOLVED id=btcusdt-371-1785072631148 act=0.252 c_err=0.089 q_err=0.018 ret=+0.00000
  [  377] 17:01:35 p=64482.7 c=0.357 q=0.285 δ=0.71 status=pending fallback=saturation_gate target=17:02:35
  [  378] 17:01:45 SKIP forecast — pending unresolved
  [  379] 17:01:56 SKIP forecast — pending unresolved
[data_fetcher] _api_get /market/depth?symbol=btcusdt&type=step1&depth=20: TimeoutError: _ssl.c:1063: The handshake operation timed out
  [  380] 17:02:08 SKIP forecast — pending unresolved
[data_fetcher] _api_get /market/depth?symbol=btcusdt&type=step1&depth=20: TimeoutError: The read operation timed out
  [  381] 17:02:21 SKIP forecast — pending unresolved
  [  382] 17:02:28 SKIP forecast — pending unresolved
[data_fetcher] _api_get /market/history/kline?symbol=btcusdt&period=1min&size=5: TimeoutError: _ssl.c:1063: The handshake operation timed out
  [  383] 17:02:40 RESOLVED id=btcusdt-377-1785072695458 act=0.251 c_err=0.106 q_err=0.034 ret=+0.00000
  [  383] 17:02:40 p=64484.4 c=0.337 q=0.268 δ=0.83 status=pending fallback=saturation_gate target=17:03:40
[data_fetcher] _api_get /market/depth?symbol=btcusdt&type=step1&depth=20: TimeoutError: _ssl.c:1063: The handshake operation timed out
  [  384] 17:02:52 SKIP forecast — pending unresolved
  [  385] 17:03:01 SKIP forecast — pending unresolved
  [  386] 17:03:09 SKIP forecast — pending unresolved
  [  387] 17:03:19 SKIP forecast — pending unresolved
  [  388] 17:03:32 SKIP forecast — pending unresolved
  [  389] 17:03:40 RESOLVED id=btcusdt-383-1785072760466 act=0.253 c_err=0.084 q_err=0.016 ret=+0.00000
  [  389] 17:03:40 p=64500.2 c=0.330 q=0.268 δ=0.74 status=pending fallback=saturation_gate target=17:04:40
  [  390] 17:03:50 SKIP forecast — pending unresolved
  [  391] 17:03:59 SKIP forecast — pending unresolved
[data_fetcher] _api_get /market/history/trade?symbol=btcusdt&size=2000: TimeoutError: The read operation timed out
  [  392] 17:04:14 SKIP forecast — pending unresolved
  [  393] 17:04:23 SKIP forecast — pending unresolved
[data_fetcher] _api_get /market/history/trade?symbol=btcusdt&size=2000: TimeoutError: _ssl.c:1063: The handshake operation timed out
  [  394] 17:04:35 SKIP forecast — pending unresolved
  [  395] 17:04:46 RESOLVED id=btcusdt-389-1785072820539 act=0.253 c_err=0.078 q_err=0.016 ret=+0.00000
  [  395] 17:04:46 p=64500.2 c=0.394 q=0.285 δ=0.54 status=pending fallback=saturation_gate target=17:05:46
  [  396] 17:04:53 SKIP forecast — pending unresolved
  [  397] 17:05:01 SKIP forecast — pending unresolved
  [  398] 17:05:11 SKIP forecast — pending unresolved
  [  399] 17:05:19 SKIP forecast — pending unresolved
  [  400] 17:05:31 SKIP forecast — pending unresolved
  [  401] 17:05:42 SKIP forecast — pending unresolved
  [  402] 17:05:53 RESOLVED id=btcusdt-395-1785072886578 act=0.253 c_err=0.142 q_err=0.032 ret=+0.00000
  [  402] 17:05:53 p=64491.0 c=0.338 q=0.285 δ=0.54 status=pending fallback=saturation_gate target=17:06:53
  [  403] 17:06:05 SKIP forecast — pending unresolved
  [  404] 17:06:17 SKIP forecast — pending unresolved
  [  405] 17:06:26 SKIP forecast — pending unresolved
  [  406] 17:06:34 SKIP forecast — pending unresolved
[data_fetcher] _api_get /market/history/kline?symbol=btcusdt&period=1min&size=5: ConnectionResetError: [Errno 104] Connection reset by peer
  [  407] 17:06:45 SKIP forecast — pending unresolved
  [  408] 17:06:54 RESOLVED id=btcusdt-402-1785072953275 act=0.255 c_err=0.083 q_err=0.031 ret=+0.00000
  [  408] 17:06:54 p=64507.3 c=0.332 q=0.270 δ=0.58 status=pending fallback=saturation_gate target=17:07:54
  [  409] 17:07:06 SKIP forecast — pending unresolved
  [  410] 17:07:16 SKIP forecast — pending unresolved
  [  411] 17:07:24 SKIP forecast — pending unresolved
  [  412] 17:07:35 SKIP forecast — pending unresolved
  [  413] 17:07:44 SKIP forecast — pending unresolved
  [  414] 17:07:54 SKIP forecast — pending unresolved
  [  415] 17:08:01 RESOLVED id=btcusdt-408-1785073014912 act=0.259 c_err=0.073 q_err=0.011 ret=+0.00000
  [  415] 17:08:01 p=64514.5 c=0.335 q=0.255 δ=0.71 status=pending fallback=saturation_gate target=17:09:01
  [  416] 17:08:11 SKIP forecast — pending unresolved
  [  417] 17:08:20 SKIP forecast — pending unresolved
  [  418] 17:08:36 SKIP forecast — pending unresolved
  [  419] 17:08:44 SKIP forecast — pending unresolved
  [  420] 17:08:52 SKIP forecast — pending unresolved
  [  421] 17:09:02 RESOLVED id=btcusdt-415-1785073081845 act=0.260 c_err=0.075 q_err=0.005 ret=+0.00000
  [  421] 17:09:02 p=64508.1 c=0.336 q=0.405 δ=0.92 status=pending fallback=none target=17:10:02
  [  422] 17:09:10 SKIP forecast — pending unresolved
  [  423] 17:09:21 SKIP forecast — pending unresolved
  [  424] 17:09:29 SKIP forecast — pending unresolved
  [  425] 17:09:39 SKIP forecast — pending unresolved
  [  426] 17:09:49 SKIP forecast — pending unresolved
  [  427] 17:10:11 RESOLVED id=btcusdt-421-1785073142704 act=0.263 c_err=0.073 q_err=0.142 ret=+0.00000
  [  427] 17:10:11 p=64508.1 c=0.339 q=0.260 δ=0.72 status=pending fallback=saturation_gate target=17:11:11
[data_fetcher] _api_get /market/history/trade?symbol=btcusdt&size=2000: TimeoutError: The read operation timed out
  [  428] 17:10:24 SKIP forecast — pending unresolved
  [  429] 17:10:34 SKIP forecast — pending unresolved
  [  430] 17:10:48 SKIP forecast — pending unresolved
  [  431] 17:10:59 SKIP forecast — pending unresolved
  [  432] 17:11:10 SKIP forecast — pending unresolved
  [  433] 17:11:19 RESOLVED id=btcusdt-427-1785073211761 act=0.266 c_err=0.073 q_err=0.006 ret=+0.00000
  [  433] 17:11:19 p=64528.8 c=0.349 q=0.278 δ=0.79 status=pending fallback=saturation_gate target=17:12:19
  [  434] 17:11:27 SKIP forecast — pending unresolved
  [  435] 17:11:36 SKIP forecast — pending unresolved
  [  436] 17:11:46 SKIP forecast — pending unresolved
  [  437] 17:11:53 SKIP forecast — pending unresolved
  [  438] 17:12:04 SKIP forecast — pending unresolved
  [  439] 17:12:13 SKIP forecast — pending unresolved
  [  440] 17:12:21 RESOLVED id=btcusdt-433-1785073279293 act=0.273 c_err=0.076 q_err=0.005 ret=+0.00000
  [  440] 17:12:21 p=64562.8 c=0.346 q=0.283 δ=0.60 status=pending fallback=saturation_gate target=17:13:21
  [  441] 17:12:29 SKIP forecast — pending unresolved
  [  442] 17:12:38 SKIP forecast — pending unresolved
  [  443] 17:12:51 SKIP forecast — pending unresolved
  [  444] 17:12:58 SKIP forecast — pending unresolved
  [  445] 17:13:06 SKIP forecast — pending unresolved
  [  446] 17:13:15 SKIP forecast — pending unresolved
  [  447] 17:13:26 RESOLVED id=btcusdt-440-1785073341314 act=0.273 c_err=0.073 q_err=0.010 ret=+0.00000
  [  447] 17:13:26 p=64562.8 c=0.347 q=0.272 δ=0.69 status=pending fallback=saturation_gate target=17:14:26
  [  448] 17:13:34 SKIP forecast — pending unresolved
  [  449] 17:13:45 SKIP forecast — pending unresolved
  [  450] 17:13:57 SKIP forecast — pending unresolved
  [  451] 17:14:06 SKIP forecast — pending unresolved
[data_fetcher] _api_get /market/depth?symbol=btcusdt&type=step1&depth=20: TimeoutError: The read operation timed out
  [  452] 17:14:27 RESOLVED id=btcusdt-447-1785073406622 act=0.273 c_err=0.074 q_err=0.001 ret=+0.00000
  [  452] 17:14:27 p=64562.8 c=0.347 q=0.418 δ=1.01 status=pending fallback=none target=17:15:27
[data_fetcher] _api_get /market/history/trade?symbol=btcusdt&size=2000: OSError: [Errno 101] Network is unreachable
[data_fetcher] _api_get /market/detail/merged?symbol=btcusdt: OSError: [Errno 101] Network is unreachable
[data_fetcher] _api_get /market/depth?symbol=btcusdt&type=step1&depth=20: OSError: [Errno 101] Network is unreachable
  [  453] 17:15:09 SKIP forecast — pending unresolved
  [  454] 17:15:21 SKIP forecast — pending unresolved
  [  455] 17:15:31 RESOLVED id=btcusdt-452-1785073467916 act=0.277 c_err=0.070 q_err=0.141 ret=+0.00000
  [  455] 17:15:31 p=64578.6 c=0.350 q=0.274 δ=0.71 status=pending fallback=saturation_gate target=17:16:31
  [  456] 17:15:40 SKIP forecast — pending unresolved
  [  457] 17:15:47 SKIP forecast — pending unresolved
  [  458] 17:15:55 SKIP forecast — pending unresolved
[data_fetcher] _api_get /market/detail/merged?symbol=btcusdt: TimeoutError: The read operation timed out
  [  459] 17:16:10 SKIP forecast — pending unresolved
  [  460] 17:16:17 SKIP forecast — pending unresolved
[data_fetcher] _api_get /market/history/trade?symbol=btcusdt&size=2000: TimeoutError: _ssl.c:1063: The handshake operation timed out
  [  461] 17:16:29 SKIP forecast — pending unresolved
  [  462] 17:16:38 RESOLVED id=btcusdt-455-1785073531065 act=0.272 c_err=0.079 q_err=0.002 ret=+0.00000
  [  462] 17:16:38 p=64588.6 c=0.412 q=0.289 δ=0.72 status=pending fallback=saturation_gate target=17:17:38
  [  463] 17:16:48 SKIP forecast — pending unresolved
  [  464] 17:16:58 SKIP forecast — pending unresolved
[data_fetcher] _api_get /market/history/trade?symbol=btcusdt&size=2000: TimeoutError: The read operation timed out
  [  465] 17:17:10 SKIP forecast — pending unresolved
[data_fetcher] _api_get /market/depth?symbol=btcusdt&type=step1&depth=20: TimeoutError: The read operation timed out
  [  466] 17:17:22 SKIP forecast — pending unresolved
  [  467] 17:17:30 SKIP forecast — pending unresolved
  [  468] 17:17:40 RESOLVED id=btcusdt-462-1785073598900 act=0.257 c_err=0.155 q_err=0.032 ret=+0.00000
  [  468] 17:17:40 p=64567.5 c=0.335 q=0.299 δ=0.66 status=pending fallback=saturation_gate target=17:18:40
  [  469] 17:17:52 SKIP forecast — pending unresolved
  [  470] 17:18:05 SKIP forecast — pending unresolved
  [  471] 17:18:18 SKIP forecast — pending unresolved
[data_fetcher] _api_get /market/history/kline?symbol=btcusdt&period=1min&size=5: TimeoutError: _ssl.c:1063: The handshake operation timed out
  [  472] 17:18:30 SKIP forecast — pending unresolved
  [  473] 17:18:39 SKIP forecast — pending unresolved
  [  474] 17:18:49 RESOLVED id=btcusdt-468-1785073660803 act=0.224 c_err=0.111 q_err=0.075 ret=+0.00000
  [  474] 17:18:49 p=64563.8 c=0.323 q=0.285 δ=0.60 status=pending fallback=saturation_gate target=17:19:49
  [  475] 17:18:56 SKIP forecast — pending unresolved
  [  476] 17:19:09 SKIP forecast — pending unresolved
  [  477] 17:19:18 SKIP forecast — pending unresolved
  [  478] 17:19:29 SKIP forecast — pending unresolved
  [  479] 17:19:38 SKIP forecast — pending unresolved
  [  480] 17:19:55 RESOLVED id=btcusdt-474-1785073729086 act=0.224 c_err=0.099 q_err=0.061 ret=+0.00000
  [  480] 17:19:55 p=64563.8 c=0.308 q=0.237 δ=0.78 status=pending fallback=saturation_gate target=17:20:55
  [  481] 17:20:09 SKIP forecast — pending unresolved
[data_fetcher] _api_get /market/detail/merged?symbol=btcusdt: TimeoutError: _ssl.c:1063: The handshake operation timed out
  [  482] 17:20:25 SKIP forecast — pending unresolved
  [  483] 17:20:35 SKIP forecast — pending unresolved
  [  484] 17:20:47 SKIP forecast — pending unresolved
[data_fetcher] _api_get /market/detail/merged?symbol=btcusdt: TimeoutError: _ssl.c:1063: The handshake operation timed out
[data_fetcher] _api_get /market/depth?symbol=btcusdt&type=step1&depth=20: TimeoutError: _ssl.c:1063: The handshake operation timed out
[data_fetcher] _api_get /market/history/kline?symbol=btcusdt&period=1min&size=5: TimeoutError: _ssl.c:1063: The handshake operation timed out
[data_fetcher] _api_get /market/depth?symbol=btcusdt&type=step1&depth=20: TimeoutError: _ssl.c:1063: The handshake operation timed out
  [  485] 17:21:14 RESOLVED id=btcusdt-480-1785073795567 act=0.220 c_err=0.088 q_err=0.017 ret=+0.00000
  [  485] 17:21:14 p=64563.8 c=0.305 q=0.357 δ=0.96 status=pending fallback=none target=17:22:14
  [  486] 17:21:26 SKIP forecast — pending unresolved
[data_fetcher] _api_get /market/detail/merged?symbol=btcusdt: TimeoutError: The read operation timed out
  [  487] 17:21:44 SKIP forecast — pending unresolved
  [  488] 17:21:55 SKIP forecast — pending unresolved
  [  489] 17:22:03 SKIP forecast — pending unresolved
  [  490] 17:22:10 SKIP forecast — pending unresolved
[data_fetcher] _api_get /market/history/trade?symbol=btcusdt&size=2000: TimeoutError: _ssl.c:1063: The handshake operation timed out
  [  491] 17:22:22 RESOLVED id=btcusdt-485-1785073874613 act=0.500 c_err=0.195 q_err=0.143 ret=+0.00000
  [  491] 17:22:22 p=64562.7 c=0.433 q=0.241 δ=0.49 status=pending fallback=saturation_gate target=17:23:22
  [  492] 17:22:32 SKIP forecast — pending unresolved
  [  493] 17:22:40 SKIP forecast — pending unresolved
  [  494] 17:22:48 SKIP forecast — pending unresolved
  [  495] 17:22:56 SKIP forecast — pending unresolved
  [  496] 17:23:06 SKIP forecast — pending unresolved
  [  497] 17:23:15 SKIP forecast — pending unresolved
[data_fetcher] _api_get /market/history/trade?symbol=btcusdt&size=2000: TimeoutError: The read operation timed out
  [  498] 17:23:30 RESOLVED id=btcusdt-491-1785073942306 act=0.500 c_err=0.067 q_err=0.259 ret=+0.00000
  [  498] 17:23:30 p=64551.2 c=0.448 q=0.258 δ=0.42 status=pending fallback=saturation_gate target=17:24:30
  [  499] 17:23:37 SKIP forecast — pending unresolved
[data_fetcher] _api_get /market/history/trade?symbol=btcusdt&size=2000: TimeoutError: _ssl.c:1063: The handshake operation timed out
  [  500] 17:23:50 SKIP forecast — pending unresolved
[data_fetcher] _api_get /market/detail/merged?symbol=btcusdt: TimeoutError: The read operation timed out
  [  501] 17:24:10 SKIP forecast — pending unresolved
  [  502] 17:24:20 SKIP forecast — pending unresolved
[data_fetcher] _api_get /market/history/trade?symbol=btcusdt&size=2000: TimeoutError: The read operation timed out
  [  503] 17:24:39 RESOLVED id=btcusdt-498-1785074010387 act=0.500 c_err=0.052 q_err=0.242 ret=+0.00000
  [  503] 17:24:39 p=64548.3 c=0.444 q=0.295 δ=0.49 status=pending fallback=saturation_gate target=17:25:39
  [  504] 17:24:50 SKIP forecast — pending unresolved
  [  505] 17:25:00 SKIP forecast — pending unresolved
  [  506] 17:25:10 SKIP forecast — pending unresolved
  [  507] 17:25:21 SKIP forecast — pending unresolved
  [  508] 17:25:37 SKIP forecast — pending unresolved
  [  509] 17:25:48 RESOLVED id=btcusdt-503-1785074079163 act=0.221 c_err=0.224 q_err=0.074 ret=+0.00000
  [  509] 17:25:48 p=64548.3 c=0.325 q=0.276 δ=0.59 status=pending fallback=saturation_gate target=17:26:48
[data_fetcher] _api_get /market/detail/merged?symbol=btcusdt: TimeoutError: _ssl.c:1063: The handshake operation timed out
  [  510] 17:26:04 SKIP forecast — pending unresolved
[data_fetcher] _api_get /market/history/trade?symbol=btcusdt&size=2000: TimeoutError: _ssl.c:1063: The handshake operation timed out
  [  511] 17:26:16 SKIP forecast — pending unresolved
  [  512] 17:26:26 SKIP forecast — pending unresolved
  [  513] 17:26:37 SKIP forecast — pending unresolved
  [  514] 17:26:44 SKIP forecast — pending unresolved
  [  515] 17:26:56 RESOLVED id=btcusdt-509-1785074148452 act=0.221 c_err=0.105 q_err=0.056 ret=+0.00000
  [  515] 17:26:56 p=64548.3 c=0.263 q=0.258 δ=0.68 status=pending fallback=saturation_gate target=17:27:56
  [  516] 17:27:04 SKIP forecast — pending unresolved
  [  517] 17:27:11 SKIP forecast — pending unresolved
[data_fetcher] _api_get /market/depth?symbol=btcusdt&type=step1&depth=20: TimeoutError: _ssl.c:1063: The handshake operation timed out
[data_fetcher] _api_get /market/history/trade?symbol=btcusdt&size=2000: TimeoutError: _ssl.c:1063: The handshake operation timed out
  [  518] 17:27:22 SKIP forecast — pending unresolved
  [  519] 17:27:31 SKIP forecast — pending unresolved
  [  520] 17:27:42 SKIP forecast — pending unresolved
[data_fetcher] _api_get /market/detail/merged?symbol=btcusdt: TimeoutError: _ssl.c:1063: The handshake operation timed out
  [  521] 17:28:02 RESOLVED id=btcusdt-515-1785074216138 act=0.223 c_err=0.041 q_err=0.035 ret=+0.00000
  [  521] 17:28:02 p=64539.4 c=0.291 q=0.258 δ=0.62 status=pending fallback=saturation_gate target=17:29:02
[data_fetcher] _api_get /market/history/kline?symbol=btcusdt&period=1min&size=5: TimeoutError: _ssl.c:1063: The handshake operation timed out
  [  522] 17:28:14 SKIP forecast — pending unresolved
[data_fetcher] _api_get /market/history/kline?symbol=btcusdt&period=1min&size=5: TimeoutError: _ssl.c:1063: The handshake operation timed out
  [  523] 17:28:26 SKIP forecast — pending unresolved
  [  524] 17:28:38 SKIP forecast — pending unresolved
  [  525] 17:28:46 SKIP forecast — pending unresolved
  [  526] 17:28:55 SKIP forecast — pending unresolved
  [  527] 17:29:03 RESOLVED id=btcusdt-521-1785074282563 act=0.223 c_err=0.068 q_err=0.035 ret=+0.00000
  [  527] 17:29:03 p=64536.3 c=0.314 q=0.240 δ=0.44 status=pending fallback=saturation_gate target=17:30:03
[data_fetcher] _api_get /market/history/trade?symbol=btcusdt&size=2000: ConnectionResetError: [Errno 104] Connection reset by peer
  [  528] 17:29:18 SKIP forecast — pending unresolved
  [  529] 17:29:29 SKIP forecast — pending unresolved
  [  530] 17:29:37 SKIP forecast — pending unresolved
  [  531] 17:29:45 SKIP forecast — pending unresolved
  [  532] 17:29:55 SKIP forecast — pending unresolved
[data_fetcher] _api_get /market/history/trade?symbol=btcusdt&size=2000: TimeoutError: The read operation timed out
  [  533] 17:30:07 RESOLVED id=btcusdt-527-1785074343543 act=0.500 c_err=0.186 q_err=0.260 ret=+0.00000
  [  533] 17:30:07 p=64543.6 c=0.448 q=0.260 δ=0.33 status=pending fallback=saturation_gate target=17:31:07
  [  534] 17:30:15 SKIP forecast — pending unresolved
[data_fetcher] _api_get /market/detail/merged?symbol=btcusdt: TimeoutError: _ssl.c:1063: The handshake operation timed out
  [  535] 17:30:33 SKIP forecast — pending unresolved
  [  536] 17:30:43 SKIP forecast — pending unresolved
  [  537] 17:30:53 SKIP forecast — pending unresolved
  [  538] 17:31:04 SKIP forecast — pending unresolved
  [  539] 17:31:19 RESOLVED id=btcusdt-533-1785074407615 act=0.226 c_err=0.223 q_err=0.035 ret=+0.00000
  [  539] 17:31:19 p=64543.6 c=0.319 q=0.261 δ=0.38 status=pending fallback=saturation_gate target=17:32:19
[data_fetcher] _api_get /market/detail/merged?symbol=btcusdt: TimeoutError: _ssl.c:1063: The handshake operation timed out
  [  540] 17:31:39 SKIP forecast — pending unresolved
  [  541] 17:31:50 SKIP forecast — pending unresolved
  [  542] 17:32:05 SKIP forecast — pending unresolved
  [  543] 17:32:16 SKIP forecast — pending unresolved
  [  544] 17:32:24 RESOLVED id=btcusdt-539-1785074479843 act=0.223 c_err=0.097 q_err=0.039 ret=+0.00000
  [  544] 17:32:24 p=64561.6 c=0.306 q=0.243 δ=0.59 status=pending fallback=saturation_gate target=17:33:24
  [  545] 17:32:37 SKIP forecast — pending unresolved
  [  546] 17:32:48 SKIP forecast — pending unresolved
[data_fetcher] _api_get /market/detail/merged?symbol=btcusdt: TimeoutError: _ssl.c:1063: The handshake operation timed out
  [  547] 17:33:05 SKIP forecast — pending unresolved
[data_fetcher] _api_get /market/history/trade?symbol=btcusdt&size=2000: TimeoutError: The read operation timed out
  [  548] 17:33:20 SKIP forecast — pending unresolved
  [  549] 17:33:28 RESOLVED id=btcusdt-544-1785074544545 act=0.225 c_err=0.082 q_err=0.018 ret=+0.00000
  [  549] 17:33:28 p=64567.6 c=0.387 q=0.243 δ=0.52 status=pending fallback=saturation_gate target=17:34:28
  [  550] 17:33:41 SKIP forecast — pending unresolved
  [  551] 17:33:51 SKIP forecast — pending unresolved
  [  552] 17:34:00 SKIP forecast — pending unresolved
[data_fetcher] _api_get /market/history/kline?symbol=btcusdt&period=1min&size=5: TimeoutError: The read operation timed out
  [  553] 17:34:12 SKIP forecast — pending unresolved
  [  554] 17:34:22 SKIP forecast — pending unresolved
  [  555] 17:34:32 RESOLVED id=btcusdt-549-1785074608793 act=0.221 c_err=0.166 q_err=0.022 ret=+0.00000
  [  555] 17:34:32 p=64609.2 c=0.310 q=0.239 δ=0.54 status=pending fallback=saturation_gate target=17:35:32
[data_fetcher] _api_get /market/detail/merged?symbol=btcusdt: TimeoutError: _ssl.c:1063: The handshake operation timed out
  [  556] 17:34:59 SKIP forecast — pending unresolved
  [  557] 17:35:11 SKIP forecast — pending unresolved
  [  558] 17:35:21 SKIP forecast — pending unresolved
  [  559] 17:35:34 RESOLVED id=btcusdt-555-1785074672928 act=0.227 c_err=0.083 q_err=0.012 ret=+0.00000
  [  559] 17:35:34 p=64635.8 c=0.308 q=0.240 δ=0.54 status=pending fallback=saturation_gate target=17:36:34
  [  560] 17:35:43 SKIP forecast — pending unresolved
  [  561] 17:35:56 SKIP forecast — pending unresolved
  [  562] 17:36:09 SKIP forecast — pending unresolved
  [  563] 17:36:21 SKIP forecast — pending unresolved
  [  564] 17:36:33 SKIP forecast — pending unresolved
  [  565] 17:36:45 RESOLVED id=btcusdt-559-1785074734747 act=0.276 c_err=0.033 q_err=0.036 ret=+0.00000
  [  565] 17:36:45 p=64664.0 c=0.344 q=0.242 δ=0.65 status=pending fallback=saturation_gate target=17:37:45
  [  566] 17:36:56 SKIP forecast — pending unresolved
  [  567] 17:37:05 SKIP forecast — pending unresolved
  [  568] 17:37:17 SKIP forecast — pending unresolved
  [  569] 17:37:33 SKIP forecast — pending unresolved
[data_fetcher] _api_get /market/detail/merged?symbol=btcusdt: TimeoutError: _ssl.c:1063: The handshake operation timed out
[data_fetcher] _api_get /market/depth?symbol=btcusdt&type=step1&depth=20: TimeoutError: The read operation timed out
  [  570] 17:37:56 RESOLVED id=btcusdt-565-1785074805643 act=0.287 c_err=0.057 q_err=0.045 ret=+0.00000
  [  570] 17:37:56 p=64721.4 c=0.354 q=0.261 δ=0.62 status=pending fallback=saturation_gate target=17:38:56
  [  571] 17:38:06 SKIP forecast — pending unresolved
  [  572] 17:38:18 SKIP forecast — pending unresolved
  [  573] 17:38:27 SKIP forecast — pending unresolved
  [  574] 17:38:37 SKIP forecast — pending unresolved
  [  575] 17:38:45 SKIP forecast — pending unresolved
  [  576] 17:38:56 SKIP forecast — pending unresolved
[data_fetcher] _api_get /market/depth?symbol=btcusdt&type=step1&depth=20: TimeoutError: _ssl.c:1063: The handshake operation timed out
  [  577] 17:39:07 RESOLVED id=btcusdt-570-1785074876633 act=0.305 c_err=0.049 q_err=0.044 ret=+0.00000
  [  577] 17:39:07 p=64730.1 c=0.370 q=0.408 δ=1.13 status=pending fallback=none target=17:40:07
  [  578] 17:39:20 SKIP forecast — pending unresolved
[data_fetcher] _api_get /market/detail/merged?symbol=btcusdt: TimeoutError: _ssl.c:1063: The handshake operation timed out
  [  579] 17:39:38 SKIP forecast — pending unresolved
[data_fetcher] _api_get /market/history/kline?symbol=btcusdt&period=1min&size=5: TimeoutError: _ssl.c:1063: The handshake operation timed out
[data_fetcher] _api_get /market/depth?symbol=btcusdt&type=step1&depth=20: TimeoutError: _ssl.c:1063: The handshake operation timed out
  [  580] 17:39:51 SKIP forecast — pending unresolved
  [  581] 17:40:03 SKIP forecast — pending unresolved
  [  582] 17:40:13 RESOLVED id=btcusdt-577-1785074947823 act=0.306 c_err=0.063 q_err=0.102 ret=+0.00000
  [  582] 17:40:13 p=64705.5 c=0.374 q=0.298 δ=0.97 status=pending fallback=saturation_gate target=17:41:13
  [  583] 17:40:24 SKIP forecast — pending unresolved
  [  584] 17:40:39 SKIP forecast — pending unresolved
  [  585] 17:40:50 SKIP forecast — pending unresolved
  [  586] 17:41:00 SKIP forecast — pending unresolved
  [  587] 17:41:16 RESOLVED id=btcusdt-582-1785075013686 act=0.312 c_err=0.062 q_err=0.014 ret=+0.00000
  [  587] 17:41:16 p=64718.7 c=0.378 q=0.307 δ=0.62 status=pending fallback=saturation_gate target=17:42:16
  [  588] 17:41:27 SKIP forecast — pending unresolved
  [  589] 17:41:35 SKIP forecast — pending unresolved
  [  590] 17:41:45 SKIP forecast — pending unresolved
[data_fetcher] _api_get /market/depth?symbol=btcusdt&type=step1&depth=20: TimeoutError: _ssl.c:1063: The handshake operation timed out
  [  591] 17:41:58 SKIP forecast — pending unresolved
[data_fetcher] _api_get /market/history/kline?symbol=btcusdt&period=1min&size=5: TimeoutError: The read operation timed out
  [  592] 17:42:11 SKIP forecast — pending unresolved
  [  593] 17:42:22 RESOLVED id=btcusdt-587-1785075076310 act=0.315 c_err=0.063 q_err=0.008 ret=+0.00000
  [  593] 17:42:22 p=64668.3 c=0.379 q=0.310 δ=0.84 status=pending fallback=saturation_gate target=17:43:22
  [  594] 17:42:39 SKIP forecast — pending unresolved
[data_fetcher] _api_get /market/history/kline?symbol=btcusdt&period=1min&size=5: TimeoutError: _ssl.c:1063: The handshake operation timed out
[data_fetcher] _api_get /market/depth?symbol=btcusdt&type=step1&depth=20: TimeoutError: _ssl.c:1063: The handshake operation timed out
  [  595] 17:42:51 SKIP forecast — pending unresolved
  [  596] 17:43:02 SKIP forecast — pending unresolved
  [  597] 17:43:14 SKIP forecast — pending unresolved
  [  598] 17:43:22 SKIP forecast — pending unresolved
  [  599] 17:43:32 RESOLVED id=btcusdt-593-1785075142901 act=0.320 c_err=0.059 q_err=0.010 ret=+0.00000
  [  599] 17:43:32 p=64697.6 c=0.384 q=0.315 δ=0.91 status=pending fallback=saturation_gate target=17:44:32
  [  600] 17:43:40 SKIP forecast — pending unresolved
  [  601] 17:43:48 SKIP forecast — pending unresolved
  [  602] 17:43:58 SKIP forecast — pending unresolved
  [  603] 17:44:07 SKIP forecast — pending unresolved
  [  604] 17:44:14 SKIP forecast — pending unresolved
  [  605] 17:44:22 SKIP forecast — pending unresolved
  [  606] 17:44:29 SKIP forecast — pending unresolved
  [  607] 17:44:39 RESOLVED id=btcusdt-599-1785075212182 act=0.338 c_err=0.046 q_err=0.023 ret=+0.00000
  [  607] 17:44:39 p=64709.2 c=0.400 q=0.324 δ=0.67 status=pending fallback=saturation_gate target=17:45:39
  [  608] 17:44:47 SKIP forecast — pending unresolved
  [  609] 17:45:01 SKIP forecast — pending unresolved
  [  610] 17:45:09 SKIP forecast — pending unresolved
  [  611] 17:45:18 SKIP forecast — pending unresolved
[data_fetcher] _api_get /market/history/trade?symbol=btcusdt&size=2000: TimeoutError: The read operation timed out
  [  612] 17:45:32 SKIP forecast — pending unresolved
  [  613] 17:45:40 RESOLVED id=btcusdt-607-1785075279264 act=0.338 c_err=0.062 q_err=0.014 ret=+0.00000
  [  613] 17:45:40 p=64692.7 c=0.444 q=0.342 δ=0.70 status=pending fallback=saturation_gate target=17:46:40
  [  614] 17:45:48 SKIP forecast — pending unresolved
  [  615] 17:45:56 SKIP forecast — pending unresolved
[data_fetcher] _api_get /market/history/trade?symbol=btcusdt&size=2000: TimeoutError: _ssl.c:1063: The handshake operation timed out
  [  616] 17:46:08 SKIP forecast — pending unresolved
  [  617] 17:46:19 SKIP forecast — pending unresolved
  [  618] 17:46:28 SKIP forecast — pending unresolved
[data_fetcher] _api_get /market/detail/merged?symbol=btcusdt: TimeoutError: _ssl.c:1063: The handshake operation timed out
  [  619] 17:46:46 RESOLVED id=btcusdt-613-1785075340661 act=0.338 c_err=0.106 q_err=0.004 ret=+0.00000
  [  619] 17:46:46 p=64692.2 c=0.398 q=0.359 δ=0.65 status=pending fallback=saturation_gate target=17:47:46
  [  620] 17:46:53 SKIP forecast — pending unresolved
  [  621] 17:47:00 SKIP forecast — pending unresolved
  [  622] 17:47:10 SKIP forecast — pending unresolved
  [  623] 17:47:18 SKIP forecast — pending unresolved
  [  624] 17:47:26 SKIP forecast — pending unresolved
[data_fetcher] _api_get /market/detail/merged?symbol=btcusdt: TimeoutError: _ssl.c:1063: The handshake operation timed out
[data_fetcher] _api_get /market/history/trade?symbol=btcusdt&size=2000: TimeoutError: _ssl.c:1063: The handshake operation timed out
[data_fetcher] _api_get /market/history/kline?symbol=btcusdt&period=1min&size=5: TimeoutError: _ssl.c:1063: The handshake operation timed out
  [  625] 17:47:47 RESOLVED id=btcusdt-619-1785075406256 act=0.500 c_err=0.102 q_err=0.141 ret=+0.00000
  [  625] 17:47:47 p=64680.3 c=0.482 q=0.371 δ=0.67 status=pending fallback=saturation_gate target=17:48:47
  [  626] 17:47:57 SKIP forecast — pending unresolved
  [  627] 17:48:09 SKIP forecast — pending unresolved
  [  628] 17:48:20 SKIP forecast — pending unresolved
  [  629] 17:48:31 SKIP forecast — pending unresolved
[data_fetcher] _api_get /market/history/trade?symbol=btcusdt&size=2000: TimeoutError: The read operation timed out
  [  630] 17:48:55 RESOLVED id=btcusdt-625-1785075467611 act=0.500 c_err=0.018 q_err=0.129 ret=+0.00000
  [  630] 17:48:55 p=64683.5 c=0.483 q=0.371 δ=0.65 status=pending fallback=saturation_gate target=17:49:55
  [  631] 17:49:04 SKIP forecast — pending unresolved
  [  632] 17:49:13 SKIP forecast — pending unresolved
[data_fetcher] _api_get /market/history/kline?symbol=btcusdt&period=1min&size=5: TimeoutError: _ssl.c:1063: The handshake operation timed out
[data_fetcher] _api_get /market/history/trade?symbol=btcusdt&size=2000: TimeoutError: _ssl.c:1063: The handshake operation timed out
  [  633] 17:49:25 SKIP forecast — pending unresolved
  [  634] 17:49:36 SKIP forecast — pending unresolved
  [  635] 17:49:47 SKIP forecast — pending unresolved
  [  636] 17:49:58 RESOLVED id=btcusdt-630-1785075535005 act=0.344 c_err=0.139 q_err=0.028 ret=+0.00000
  [  636] 17:49:58 p=64674.3 c=0.403 q=0.373 δ=0.76 status=pending fallback=saturation_gate target=17:50:58
[data_fetcher] _api_get /market/detail/merged?symbol=btcusdt: TimeoutError: _ssl.c:1063: The handshake operation timed out
  [  637] 17:50:16 SKIP forecast — pending unresolved
  [  638] 17:50:25 SKIP forecast — pending unresolved
  [  639] 17:50:36 SKIP forecast — pending unresolved
  [  640] 17:50:44 SKIP forecast — pending unresolved
  [  641] 17:50:51 SKIP forecast — pending unresolved
[data_fetcher] _api_get /market/history/kline?symbol=btcusdt&period=1min&size=5: TimeoutError: _ssl.c:1063: The handshake operation timed out
  [  642] 17:51:03 RESOLVED id=btcusdt-636-1785075598742 act=0.344 c_err=0.059 q_err=0.030 ret=+0.00000
  [  642] 17:51:03 p=64674.3 c=0.409 q=0.364 δ=0.75 status=pending fallback=saturation_gate target=17:52:03
  [  643] 17:51:14 SKIP forecast — pending unresolved
[data_fetcher] _api_get /market/depth?symbol=btcusdt&type=step1&depth=20: TimeoutError: The read operation timed out
[data_fetcher] _api_get /market/history/trade?symbol=btcusdt&size=2000: TimeoutError: _ssl.c:1063: The handshake operation timed out
  [  644] 17:51:34 SKIP forecast — pending unresolved
[data_fetcher] _api_get /market/history/trade?symbol=btcusdt&size=2000: TimeoutError: _ssl.c:1063: The handshake operation timed out
[data_fetcher] _api_get /market/detail/merged?symbol=btcusdt: TimeoutError: _ssl.c:1063: The handshake operation timed out
[data_fetcher] _api_get /market/history/trade?symbol=btcusdt&size=2000: TimeoutError: The read operation timed out
  [  645] 17:52:26 RESOLVED id=btcusdt-642-1785075663386 act=0.500 c_err=0.091 q_err=0.136 ret=+0.00000
  [  645] 17:52:26 p=64661.7 c=0.526 q=0.375 δ=0.88 status=pending fallback=saturation_gate target=17:53:26
[data_fetcher] _api_get /market/history/trade?symbol=btcusdt&size=2000: TimeoutError: _ssl.c:1063: The handshake operation timed out
[data_fetcher] _api_get /market/depth?symbol=btcusdt&type=step1&depth=20: TimeoutError: _ssl.c:1063: The handshake operation timed out
  [  646] 17:52:43 SKIP forecast — pending unresolved
[data_fetcher] _api_get /market/history/trade?symbol=btcusdt&size=2000: TimeoutError: _ssl.c:1063: The handshake operation timed out
  [  647] 17:53:09 SKIP forecast — pending unresolved
[data_fetcher] _api_get /market/detail/merged?symbol=btcusdt: TimeoutError: _ssl.c:1063: The handshake operation timed out
[data_fetcher] _api_get /market/history/trade?symbol=btcusdt&size=2000: TimeoutError: _ssl.c:1063: The handshake operation timed out
  [  648] 17:54:03 RESOLVED id=btcusdt-645-1785075746216 act=0.500 c_err=0.026 q_err=0.125 ret=+0.00000
  [  648] 17:54:03 p=64672.9 c=0.502 q=0.396 δ=0.68 status=pending fallback=saturation_gate target=17:55:03
[data_fetcher] _api_get /market/history/kline?symbol=btcusdt&period=1min&size=5: TimeoutError: _ssl.c:1063: The handshake operation timed out[data_fetcher] _api_get /market/history/trade?symbol=btcusdt&size=2000: TimeoutError: _ssl.c:1063: The handshake operation timed out

  [  649] 17:54:16 SKIP forecast — pending unresolved
[data_fetcher] _api_get /market/detail/merged?symbol=btcusdt: TimeoutError: _ssl.c:1063: The handshake operation timed out
[data_fetcher] _api_get /market/history/kline?symbol=btcusdt&period=1min&size=5: TimeoutError: _ssl.c:1063: The handshake operation timed out
[data_fetcher] _api_get /market/depth?symbol=btcusdt&type=step1&depth=20: TimeoutError: _ssl.c:1063: The handshake operation timed out
  [  650] 17:54:48 SKIP forecast — pending unresolved
[data_fetcher] _api_get /market/history/kline?symbol=btcusdt&period=1min&size=5: TimeoutError: _ssl.c:1063: The handshake operation timed out
  [  651] 17:55:00 SKIP forecast — pending unresolved
[data_fetcher] _api_get /market/history/kline?symbol=btcusdt&period=1min&size=5: TimeoutError: _ssl.c:1063: The handshake operation timed out
  [  652] 17:55:13 RESOLVED id=btcusdt-648-1785075843831 act=0.350 c_err=0.151 q_err=0.045 ret=+0.00000
  [  652] 17:55:13 p=64667.5 c=0.396 q=0.407 δ=0.61 status=pending fallback=saturation_gate target=17:56:13
[data_fetcher] _api_get /market/history/trade?symbol=btcusdt&size=2000: TimeoutError: _ssl.c:1063: The handshake operation timed out
  [  653] 17:55:28 SKIP forecast — pending unresolved
[data_fetcher] _api_get /market/history/trade?symbol=btcusdt&size=2000: TimeoutError: _ssl.c:1063: The handshake operation timed out
  [  654] 17:55:43 SKIP forecast — pending unresolved
[data_fetcher] _api_get /market/detail/merged?symbol=btcusdt: TimeoutError: The read operation timed out
  [  655] 17:56:04 SKIP forecast — pending unresolved
[data_fetcher] _api_get /market/depth?symbol=btcusdt&type=step1&depth=20: TimeoutError: _ssl.c:1063: The handshake operation timed out
  [  656] 17:56:16 RESOLVED id=btcusdt-652-1785075913861 act=0.351 c_err=0.044 q_err=0.056 ret=+0.00000
  [  656] 17:56:16 p=64666.7 c=0.430 q=0.429 δ=0.88 status=pending fallback=saturation_gate target=17:57:15
  [  657] 17:56:27 SKIP forecast — pending unresolved
  [  658] 17:56:37 SKIP forecast — pending unresolved
  [  659] 17:56:48 SKIP forecast — pending unresolved
[data_fetcher] _api_get /market/history/kline?symbol=btcusdt&period=1min&size=5: TimeoutError: _ssl.c:1063: The handshake operation timed out
[data_fetcher] _api_get /market/depth?symbol=btcusdt&type=step1&depth=20: TimeoutError: The read operation timed out
  [  660] 17:57:02 SKIP forecast — pending unresolved
[data_fetcher] _api_get /market/depth?symbol=btcusdt&type=step1&depth=20: TimeoutError: _ssl.c:1063: The handshake operation timed out
[data_fetcher] _api_get /market/history/trade?symbol=btcusdt&size=2000: TimeoutError: The read operation timed out
  [  661] 17:57:15 SKIP forecast — pending unresolved
  [  662] 17:57:32 RESOLVED id=btcusdt-656-1785075975974 act=0.351 c_err=0.079 q_err=0.078 ret=+0.00000
  [  662] 17:57:32 p=64666.7 c=0.463 q=0.401 δ=1.11 status=pending fallback=saturation_gate target=17:58:32
  [  663] 17:57:43 SKIP forecast — pending unresolved
  [  664] 17:57:53 SKIP forecast — pending unresolved
[data_fetcher] _api_get /market/history/trade?symbol=btcusdt&size=2000: TimeoutError: _ssl.c:1063: The handshake operation timed out
  [  665] 17:58:05 SKIP forecast — pending unresolved
  [  666] 17:58:13 SKIP forecast — pending unresolved
[data_fetcher] _api_get /market/history/trade?symbol=btcusdt&size=2000: TimeoutError: _ssl.c:1063: The handshake operation timed out
  [  667] 17:58:25 SKIP forecast — pending unresolved
  [  668] 17:58:38 RESOLVED id=btcusdt-662-1785076052950 act=0.354 c_err=0.108 q_err=0.046 ret=+0.00000
  [  668] 17:58:38 p=64643.8 c=0.454 q=0.392 δ=0.46 status=pending fallback=saturation_gate target=17:59:38
[data_fetcher] _api_get /market/detail/merged?symbol=btcusdt: TimeoutError: _ssl.c:1063: The handshake operation timed out
  [  669] 17:58:58 SKIP forecast — pending unresolved
  [  670] 17:59:18 SKIP forecast — pending unresolved
[data_fetcher] _api_get /market/history/kline?symbol=btcusdt&period=1min&size=5: TimeoutError: _ssl.c:1063: The handshake operation timed out
[data_fetcher] _api_get /market/history/trade?symbol=btcusdt&size=2000: TimeoutError: _ssl.c:1063: The handshake operation timed out
  [  671] 17:59:32 SKIP forecast — pending unresolved
  [  672] 17:59:42 RESOLVED id=btcusdt-668-1785076118333 act=0.355 c_err=0.099 q_err=0.037 ret=+0.00000
  [  672] 17:59:42 p=64654.9 c=0.466 q=0.392 δ=0.41 status=pending fallback=saturation_gate target=18:00:42
  [  673] 17:59:53 SKIP forecast — pending unresolved
[data_fetcher] _api_get /market/depth?symbol=btcusdt&type=step1&depth=20: TimeoutError: _ssl.c:1063: The handshake operation timed out
  [  674] 18:00:05 SKIP forecast — pending unresolved
[data_fetcher] _api_get /market/history/kline?symbol=btcusdt&period=1min&size=5: TimeoutError: _ssl.c:1063: The handshake operation timed out
  [  675] 18:00:18 SKIP forecast — pending unresolved
[data_fetcher] _api_get /market/history/kline?symbol=btcusdt&period=1min&size=5: TimeoutError: The read operation timed out
  [  676] 18:00:31 SKIP forecast — pending unresolved
[data_fetcher] _api_get /market/depth?symbol=btcusdt&type=step1&depth=20: TimeoutError: _ssl.c:1063: The handshake operation timed out
  [  677] 18:00:42 RESOLVED id=btcusdt-672-1785076182091 act=0.358 c_err=0.108 q_err=0.034 ret=+0.00000
  [  677] 18:00:42 p=64637.5 c=0.420 q=0.385 δ=1.03 status=pending fallback=saturation_gate target=18:01:42
  [  678] 18:00:51 SKIP forecast — pending unresolved
  [  679] 18:01:02 SKIP forecast — pending unresolved
  [  680] 18:01:12 SKIP forecast — pending unresolved
  [  681] 18:01:20 SKIP forecast — pending unresolved
[data_fetcher] _api_get /market/history/kline?symbol=btcusdt&period=1min&size=5: TimeoutError: _ssl.c:1063: The handshake operation timed out
[data_fetcher] _api_get /market/history/trade?symbol=btcusdt&size=2000: TimeoutError: _ssl.c:1063: The handshake operation timed out
  [  682] 18:01:32 SKIP forecast — pending unresolved
  [  683] 18:01:40 SKIP forecast — pending unresolved
  [  684] 18:01:52 RESOLVED id=btcusdt-677-1785076242819 act=0.368 c_err=0.051 q_err=0.016 ret=+0.00000
  [  684] 18:01:52 p=64668.2 c=0.438 q=0.379 δ=1.03 status=pending fallback=saturation_gate target=18:02:52
[data_fetcher] _api_get /market/history/trade?symbol=btcusdt&size=2000: TimeoutError: _ssl.c:1063: The handshake operation timed out
  [  685] 18:02:04 SKIP forecast — pending unresolved
  [  686] 18:02:12 SKIP forecast — pending unresolved
[data_fetcher] _api_get /market/depth?symbol=btcusdt&type=step1&depth=20: TimeoutError: _ssl.c:1063: The handshake operation timed out
  [  687] 18:02:25 SKIP forecast — pending unresolved
  [  688] 18:02:39 SKIP forecast — pending unresolved
  [  689] 18:02:48 SKIP forecast — pending unresolved
  [  690] 18:02:59 RESOLVED id=btcusdt-684-1785076312352 act=0.380 c_err=0.058 q_err=0.001 ret=+0.00000
  [  690] 18:02:59 p=64691.4 c=0.440 q=0.385 δ=1.00 status=pending fallback=saturation_gate target=18:03:59
[data_fetcher] _api_get /market/history/trade?symbol=btcusdt&size=2000: TimeoutError: _ssl.c:1063: The handshake operation timed out
  [  691] 18:03:11 SKIP forecast — pending unresolved
  [  692] 18:03:19 SKIP forecast — pending unresolved
[data_fetcher] _api_get /market/history/trade?symbol=btcusdt&size=2000: TimeoutError: _ssl.c:1063: The handshake operation timed out
  [  693] 18:03:31 SKIP forecast — pending unresolved
  [  694] 18:03:40 SKIP forecast — pending unresolved
  [  695] 18:03:51 SKIP forecast — pending unresolved
  [  696] 18:04:02 RESOLVED id=btcusdt-690-1785076379481 act=0.380 c_err=0.061 q_err=0.006 ret=+0.00000
  [  696] 18:04:02 p=64691.1 c=0.434 q=0.409 δ=0.91 status=pending fallback=saturation_gate target=18:05:02
  [  697] 18:04:14 SKIP forecast — pending unresolved
[data_fetcher] _api_get /market/history/trade?symbol=btcusdt&size=2000: TimeoutError: _ssl.c:1063: The handshake operation timed out
  [  698] 18:04:25 SKIP forecast — pending unresolved
  [  699] 18:04:33 SKIP forecast — pending unresolved
  [  700] 18:04:43 SKIP forecast — pending unresolved
  [  701] 18:04:54 SKIP forecast — pending unresolved
[data_fetcher] _api_get /market/depth?symbol=btcusdt&type=step1&depth=20: TimeoutError: _ssl.c:1063: The handshake operation timed out
  [  702] 18:05:06 RESOLVED id=btcusdt-696-1785076442772 act=0.380 c_err=0.054 q_err=0.029 ret=+0.00000
  [  702] 18:05:06 p=64668.5 c=0.412 q=0.403 δ=1.03 status=pending fallback=saturation_gate target=18:06:06
  [  703] 18:05:16 SKIP forecast — pending unresolved
  [  704] 18:05:24 SKIP forecast — pending unresolved
  [  705] 18:05:31 SKIP forecast — pending unresolved
  [  706] 18:05:45 SKIP forecast — pending unresolved
  [  707] 18:05:53 SKIP forecast — pending unresolved
  [  708] 18:06:02 SKIP forecast — pending unresolved
  [  709] 18:06:12 RESOLVED id=btcusdt-702-1785076506406 act=0.384 c_err=0.028 q_err=0.020 ret=+0.00000
  [  709] 18:06:12 p=64657.7 c=0.436 q=0.389 δ=0.62 status=pending fallback=saturation_gate target=18:07:12
[data_fetcher] _api_get /market/detail/merged?symbol=btcusdt: TimeoutError: _ssl.c:1063: The handshake operation timed out
[data_fetcher] _api_get /market/detail/merged?symbol=btcusdt: TimeoutError: The read operation timed out
  [  710] 18:06:40 SKIP forecast — pending unresolved
  [  711] 18:06:47 SKIP forecast — pending unresolved
[data_fetcher] _api_get /market/detail/merged?symbol=btcusdt: TimeoutError: The read operation timed out
  [  712] 18:07:05 SKIP forecast — pending unresolved
  [  713] 18:07:18 RESOLVED id=btcusdt-709-1785076572361 act=0.384 c_err=0.052 q_err=0.005 ret=+0.00000
  [  713] 18:07:18 p=64657.7 c=0.436 q=0.382 δ=0.75 status=pending fallback=saturation_gate target=18:08:18
  [  714] 18:07:27 SKIP forecast — pending unresolved
[data_fetcher] _api_get /market/detail/merged?symbol=btcusdt: TimeoutError: The read operation timed out
  [  715] 18:07:43 SKIP forecast — pending unresolved
  [  716] 18:07:52 SKIP forecast — pending unresolved
  [  717] 18:08:02 SKIP forecast — pending unresolved
  [  718] 18:08:12 SKIP forecast — pending unresolved
  [  719] 18:08:25 RESOLVED id=btcusdt-713-1785076638420 act=0.384 c_err=0.052 q_err=0.002 ret=+0.00000
  [  719] 18:08:25 p=64657.7 c=0.436 q=0.383 δ=0.53 status=pending fallback=saturation_gate target=18:09:25
  [  720] 18:08:34 SKIP forecast — pending unresolved
[data_fetcher] _api_get /market/detail/merged?symbol=btcusdt: TimeoutError: _ssl.c:1063: The handshake operation timed out
  [  721] 18:08:54 SKIP forecast — pending unresolved
  [  722] 18:09:03 SKIP forecast — pending unresolved
[data_fetcher] _api_get /market/history/kline?symbol=btcusdt&period=1min&size=5: TimeoutError: _ssl.c:1063: The handshake operation timed out
  [  723] 18:09:16 SKIP forecast — pending unresolved
  [  724] 18:09:23 SKIP forecast — pending unresolved
  [  725] 18:09:35 RESOLVED id=btcusdt-719-1785076705494 act=0.385 c_err=0.052 q_err=0.002 ret=+0.00000
  [  725] 18:09:35 p=64689.3 c=0.437 q=0.384 δ=1.11 status=pending fallback=saturation_gate target=18:10:35
  [  726] 18:09:44 SKIP forecast — pending unresolved
  [  727] 18:09:54 SKIP forecast — pending unresolved
  [  728] 18:10:02 SKIP forecast — pending unresolved
  [  729] 18:10:12 SKIP forecast — pending unresolved
  [  730] 18:10:21 SKIP forecast — pending unresolved
  [  731] 18:10:30 SKIP forecast — pending unresolved
  [  732] 18:10:42 RESOLVED id=btcusdt-725-1785076775306 act=0.385 c_err=0.052 q_err=0.001 ret=+0.00000
  [  732] 18:10:42 p=64667.3 c=0.438 q=0.384 δ=1.06 status=pending fallback=saturation_gate target=18:11:42
[data_fetcher] _api_get /market/history/trade?symbol=btcusdt&size=2000: TimeoutError: _ssl.c:1063: The handshake operation timed out
[data_fetcher] _api_get /market/detail/merged?symbol=btcusdt: TimeoutError: _ssl.c:1063: The handshake operation timed out
  [  733] 18:11:00 SKIP forecast — pending unresolved
[data_fetcher] _api_get /market/detail/merged?symbol=btcusdt: TimeoutError: The read operation timed out
  [  734] 18:11:20 SKIP forecast — pending unresolved
  [  735] 18:11:28 SKIP forecast — pending unresolved
  [  736] 18:11:39 SKIP forecast — pending unresolved
  [  737] 18:11:50 RESOLVED id=btcusdt-732-1785076842773 act=0.397 c_err=0.041 q_err=0.012 ret=+0.00000
  [  737] 18:11:50 p=64712.9 c=0.447 q=0.387 δ=0.72 status=pending fallback=saturation_gate target=18:12:50
  [  738] 18:11:57 SKIP forecast — pending unresolved
  [  739] 18:12:07 SKIP forecast — pending unresolved
  [  740] 18:12:20 SKIP forecast — pending unresolved
[data_fetcher] _api_get /market/history/kline?symbol=btcusdt&period=1min&size=5: TimeoutError: _ssl.c:1063: The handshake operation timed out
  [  741] 18:12:31 SKIP forecast — pending unresolved
[data_fetcher] _api_get /market/history/trade?symbol=btcusdt&size=2000: TimeoutError: _ssl.c:1063: The handshake operation timed out
  [  742] 18:12:44 SKIP forecast — pending unresolved
  [  743] 18:12:52 RESOLVED id=btcusdt-737-1785076910362 act=0.402 c_err=0.046 q_err=0.014 ret=+0.00000
  [  743] 18:12:52 p=64709.5 c=0.478 q=0.400 δ=0.78 status=pending fallback=saturation_gate target=18:13:52
  [  744] 18:13:05 SKIP forecast — pending unresolved
  [  745] 18:13:16 SKIP forecast — pending unresolved
  [  746] 18:13:24 SKIP forecast — pending unresolved
  [  747] 18:13:33 SKIP forecast — pending unresolved
  [  748] 18:13:44 SKIP forecast — pending unresolved
  [  749] 18:13:55 RESOLVED id=btcusdt-743-1785076972284 act=0.402 c_err=0.077 q_err=0.002 ret=+0.00000
  [  749] 18:13:55 p=64703.3 c=0.454 q=0.546 δ=0.89 status=pending fallback=none target=18:14:55
  [  750] 18:14:05 SKIP forecast — pending unresolved
  [  751] 18:14:17 SKIP forecast — pending unresolved
[data_fetcher] _api_get /market/detail/merged?symbol=btcusdt: TimeoutError: _ssl.c:1063: The handshake operation timed out
  [  752] 18:14:37 SKIP forecast — pending unresolved
  [  753] 18:14:47 SKIP forecast — pending unresolved
[data_fetcher] _api_get /market/history/kline?symbol=btcusdt&period=1min&size=5: TimeoutError: _ssl.c:1063: The handshake operation timed out
  [  754] 18:14:59 RESOLVED id=btcusdt-749-1785077035792 act=0.402 c_err=0.052 q_err=0.144 ret=+0.00000
  [  754] 18:14:59 p=64703.3 c=0.451 q=0.408 δ=0.86 status=pending fallback=saturation_gate target=18:15:59
  [  755] 18:15:09 SKIP forecast — pending unresolved
  [  756] 18:15:18 SKIP forecast — pending unresolved
  [  757] 18:15:26 SKIP forecast — pending unresolved
[data_fetcher] _api_get /market/detail/merged?symbol=btcusdt: TimeoutError: The read operation timed out
  [  758] 18:15:46 SKIP forecast — pending unresolved
[data_fetcher] _api_get /market/depth?symbol=btcusdt&type=step1&depth=20: TimeoutError: _ssl.c:1063: The handshake operation timed out
  [  759] 18:15:58 SKIP forecast — pending unresolved
  [  760] 18:16:09 RESOLVED id=btcusdt-754-1785077099418 act=0.411 c_err=0.040 q_err=0.003 ret=+0.00000
  [  760] 18:16:09 p=64719.4 c=0.459 q=0.404 δ=0.96 status=pending fallback=saturation_gate target=18:17:09
  [  761] 18:16:16 SKIP forecast — pending unresolved
  [  762] 18:16:29 SKIP forecast — pending unresolved
  [  763] 18:16:40 SKIP forecast — pending unresolved
  [  764] 18:16:47 SKIP forecast — pending unresolved
[data_fetcher] _api_get /market/history/trade?symbol=btcusdt&size=2000: TimeoutError: _ssl.c:1063: The handshake operation timed out
  [  765] 18:16:59 SKIP forecast — pending unresolved
  [  766] 18:17:08 SKIP forecast — pending unresolved
  [  767] 18:17:18 RESOLVED id=btcusdt-760-1785077169802 act=0.417 c_err=0.042 q_err=0.013 ret=+0.00000
  [  767] 18:17:18 p=64760.4 c=0.474 q=0.415 δ=0.93 status=pending fallback=saturation_gate target=18:18:18
  [  768] 18:17:28 SKIP forecast — pending unresolved
[data_fetcher] _api_get /market/history/trade?symbol=btcusdt&size=2000: TimeoutError: The read operation timed out
  [  769] 18:17:42 SKIP forecast — pending unresolved
  [  770] 18:17:54 SKIP forecast — pending unresolved
  [  771] 18:18:05 SKIP forecast — pending unresolved
  [  772] 18:18:13 SKIP forecast — pending unresolved
  [  773] 18:18:23 RESOLVED id=btcusdt-767-1785077238850 act=0.411 c_err=0.063 q_err=0.004 ret=+0.00000
  [  773] 18:18:23 p=64769.6 c=0.445 q=0.425 δ=1.15 status=pending fallback=saturation_gate target=18:19:23
[data_fetcher] _api_get /market/detail/merged?symbol=btcusdt: TimeoutError: _ssl.c:1063: The handshake operation timed out
[data_fetcher] _api_get /market/history/trade?symbol=btcusdt&size=2000: TimeoutError: _ssl.c:1063: The handshake operation timed out
  [  774] 18:18:40 SKIP forecast — pending unresolved
  [  775] 18:18:58 SKIP forecast — pending unresolved
  [  776] 18:19:05 SKIP forecast — pending unresolved
  [  777] 18:19:16 SKIP forecast — pending unresolved
  [  778] 18:19:24 RESOLVED id=btcusdt-773-1785077303255 act=0.402 c_err=0.044 q_err=0.024 ret=+0.00000
  [  778] 18:19:24 p=64742.9 c=0.453 q=0.539 δ=1.29 status=pending fallback=none target=18:20:24
[data_fetcher] _api_get /market/depth?symbol=btcusdt&type=step1&depth=20: TimeoutError: _ssl.c:1063: The handshake operation timed out
[data_fetcher] _api_get /market/detail/merged?symbol=btcusdt: TimeoutError: _ssl.c:1063: The handshake operation timed out
  [  779] 18:19:39 SKIP forecast — pending unresolved
[data_fetcher] _api_get /market/detail/merged?symbol=btcusdt: TimeoutError: _ssl.c:1063: The handshake operation timed out
  [  780] 18:19:54 SKIP forecast — pending unresolved
  [  781] 18:20:04 SKIP forecast — pending unresolved
  [  782] 18:20:14 SKIP forecast — pending unresolved
[data_fetcher] _api_get /market/detail/merged?symbol=btcusdt: TimeoutError: _ssl.c:1063: The handshake operation timed out
  [  783] 18:20:29 RESOLVED id=btcusdt-778-1785077364066 act=0.387 c_err=0.066 q_err=0.152 ret=+0.00000
  [  783] 18:20:29 p=64707.6 c=0.439 q=0.408 δ=1.18 status=pending fallback=saturation_gate target=18:21:29
[data_fetcher] _api_get /market/depth?symbol=btcusdt&type=step1&depth=20: TimeoutError: _ssl.c:1063: The handshake operation timed out
  [  784] 18:20:41 SKIP forecast — pending unresolved
  [  785] 18:20:56 SKIP forecast — pending unresolved
  [  786] 18:21:07 SKIP forecast — pending unresolved
  [  787] 18:21:17 SKIP forecast — pending unresolved
  [  788] 18:21:25 SKIP forecast — pending unresolved
[data_fetcher] _api_get /market/history/trade?symbol=btcusdt&size=2000: TimeoutError: _ssl.c:1063: The handshake operation timed out
  [  789] 18:21:37 RESOLVED id=btcusdt-783-1785077429408 act=0.500 c_err=0.061 q_err=0.092 ret=+0.00000
  [  789] 18:21:37 p=64707.6 c=0.491 q=0.400 δ=1.03 status=pending fallback=saturation_gate target=18:22:37
  [  790] 18:21:46 SKIP forecast — pending unresolved
  [  791] 18:21:59 SKIP forecast — pending unresolved
  [  792] 18:22:08 SKIP forecast — pending unresolved
  [  793] 18:22:18 SKIP forecast — pending unresolved
  [  794] 18:22:30 SKIP forecast — pending unresolved
  [  795] 18:22:41 RESOLVED id=btcusdt-789-1785077497127 act=0.390 c_err=0.102 q_err=0.011 ret=+0.00000
  [  795] 18:22:41 p=64707.6 c=0.446 q=0.396 δ=1.09 status=pending fallback=saturation_gate target=18:23:41
  [  796] 18:22:51 SKIP forecast — pending unresolved
  [  797] 18:23:03 SKIP forecast — pending unresolved
  [  798] 18:23:16 SKIP forecast — pending unresolved
  [  799] 18:23:24 SKIP forecast — pending unresolved
  [  800] 18:23:34 SKIP forecast — pending unresolved
[data_fetcher] _api_get /market/detail/merged?symbol=btcusdt: ConnectionResetError: [Errno 104] Connection reset by peer
  [  801] 18:23:57 RESOLVED id=btcusdt-795-1785077561169 act=0.393 c_err=0.053 q_err=0.003 ret=+0.00000
  [  801] 18:23:57 p=64717.7 c=0.443 q=0.398 δ=0.83 status=pending fallback=saturation_gate target=18:24:57
  [  802] 18:24:07 SKIP forecast — pending unresolved
  [  803] 18:24:19 SKIP forecast — pending unresolved
  [  804] 18:24:27 SKIP forecast — pending unresolved
  [  805] 18:24:41 SKIP forecast — pending unresolved
[data_fetcher] _api_get /market/depth?symbol=btcusdt&type=step1&depth=20: TimeoutError: The read operation timed out
  [  806] 18:25:06 RESOLVED id=btcusdt-801-1785077637005 act=0.395 c_err=0.048 q_err=0.003 ret=+0.00000
  [  806] 18:25:06 p=64717.7 c=0.446 q=0.537 δ=1.19 status=pending fallback=none target=18:26:06
  [  807] 18:25:14 SKIP forecast — pending unresolved
  [  808] 18:25:22 SKIP forecast — pending unresolved
  [  809] 18:25:32 SKIP forecast — pending unresolved
[data_fetcher] _api_get /market/detail/merged?symbol=btcusdt: TimeoutError: _ssl.c:1063: The handshake operation timed out
  [  810] 18:25:52 SKIP forecast — pending unresolved
[data_fetcher] _api_get /market/history/trade?symbol=btcusdt&size=2000: TimeoutError: The read operation timed out
  [  811] 18:26:04 SKIP forecast — pending unresolved
  [  812] 18:26:16 RESOLVED id=btcusdt-806-1785077706048 act=0.396 c_err=0.050 q_err=0.141 ret=+0.00000
  [  812] 18:26:16 p=64717.7 c=0.476 q=0.401 δ=1.13 status=pending fallback=saturation_gate target=18:27:16
  [  813] 18:26:30 SKIP forecast — pending unresolved
  [  814] 18:26:37 SKIP forecast — pending unresolved
  [  815] 18:26:49 SKIP forecast — pending unresolved
  [  816] 18:26:56 SKIP forecast — pending unresolved
  [  817] 18:27:03 SKIP forecast — pending unresolved
[data_fetcher] _api_get /market/detail/merged?symbol=btcusdt: TimeoutError: _ssl.c:1063: The handshake operation timed out
  [  818] 18:27:21 RESOLVED id=btcusdt-812-1785077776382 act=0.398 c_err=0.078 q_err=0.003 ret=+0.00000
  [  818] 18:27:21 p=64717.7 c=0.452 q=0.403 δ=1.09 status=pending fallback=saturation_gate target=18:28:21
  [  819] 18:27:32 SKIP forecast — pending unresolved
  [  820] 18:27:41 SKIP forecast — pending unresolved
  [  821] 18:27:52 SKIP forecast — pending unresolved
  [  822] 18:27:59 SKIP forecast — pending unresolved
  [  823] 18:28:09 SKIP forecast — pending unresolved
  [  824] 18:28:19 SKIP forecast — pending unresolved
  [  825] 18:28:26 RESOLVED id=btcusdt-818-1785077841262 act=0.398 c_err=0.054 q_err=0.005 ret=+0.00000
  [  825] 18:28:26 p=64707.6 c=0.448 q=0.506 δ=1.10 status=pending fallback=none target=18:29:26
  [  826] 18:28:33 SKIP forecast — pending unresolved
  [  827] 18:28:43 SKIP forecast — pending unresolved
[data_fetcher] _api_get /market/depth?symbol=btcusdt&type=step1&depth=20: TimeoutError: _ssl.c:1063: The handshake operation timed out
[data_fetcher] _api_get /market/detail/merged?symbol=btcusdt: TimeoutError: _ssl.c:1063: The handshake operation timed out
  [  828] 18:29:01 SKIP forecast — pending unresolved
  [  829] 18:29:10 SKIP forecast — pending unresolved
  [  830] 18:29:17 SKIP forecast — pending unresolved
  [  831] 18:29:27 RESOLVED id=btcusdt-825-1785077906016 act=0.408 c_err=0.040 q_err=0.098 ret=+0.00000
  [  831] 18:29:27 p=64731.2 c=0.456 q=0.401 δ=1.13 status=pending fallback=saturation_gate target=18:30:27
  [  832] 18:29:37 SKIP forecast — pending unresolved
  [  833] 18:29:49 SKIP forecast — pending unresolved
  [  834] 18:30:02 SKIP forecast — pending unresolved
[data_fetcher] _api_get /market/detail/merged?symbol=btcusdt: TimeoutError: _ssl.c:1063: The handshake operation timed out
  [  835] 18:30:19 SKIP forecast — pending unresolved
[data_fetcher] _api_get /market/history/trade?symbol=btcusdt&size=2000: TimeoutError: _ssl.c:1063: The handshake operation timed out
  [  836] 18:30:31 RESOLVED id=btcusdt-831-1785077967044 act=0.500 c_err=0.044 q_err=0.099 ret=+0.00000
  [  836] 18:30:31 p=64735.2 c=0.499 q=0.410 δ=0.90 status=pending fallback=saturation_gate target=18:31:31
  [  837] 18:30:43 SKIP forecast — pending unresolved
  [  838] 18:30:50 SKIP forecast — pending unresolved
  [  839] 18:30:59 SKIP forecast — pending unresolved
  [  840] 18:31:11 SKIP forecast — pending unresolved
  [  841] 18:31:21 SKIP forecast — pending unresolved
  [  842] 18:31:30 SKIP forecast — pending unresolved
  [  843] 18:31:41 RESOLVED id=btcusdt-836-1785078031438 act=0.406 c_err=0.093 q_err=0.004 ret=+0.00000
  [  843] 18:31:41 p=64726.0 c=0.459 q=0.413 δ=0.79 status=pending fallback=saturation_gate target=18:32:41
  [  844] 18:31:49 SKIP forecast — pending unresolved
  [  845] 18:31:56 SKIP forecast — pending unresolved
  [  846] 18:32:04 SKIP forecast — pending unresolved
  [  847] 18:32:12 SKIP forecast — pending unresolved
  [  848] 18:32:27 SKIP forecast — pending unresolved
  [  849] 18:32:35 SKIP forecast — pending unresolved
[data_fetcher] _api_get /market/history/kline?symbol=btcusdt&period=1min&size=5: TimeoutError: _ssl.c:1063: The handshake operation timed out
[data_fetcher] _api_get /market/history/trade?symbol=btcusdt&size=2000: TimeoutError: _ssl.c:1063: The handshake operation timed out
  [  850] 18:32:49 RESOLVED id=btcusdt-843-1785078101635 act=0.500 c_err=0.041 q_err=0.087 ret=+0.00000
  [  850] 18:32:49 p=64754.2 c=0.506 q=0.420 δ=0.82 status=pending fallback=saturation_gate target=18:33:49
  [  851] 18:32:58 SKIP forecast — pending unresolved
  [  852] 18:33:06 SKIP forecast — pending unresolved
[data_fetcher] _api_get /market/depth?symbol=btcusdt&type=step1&depth=20: TimeoutError: _ssl.c:1063: The handshake operation timed out
  [  853] 18:33:17 SKIP forecast — pending unresolved
[data_fetcher] _api_get /market/detail/merged?symbol=btcusdt: TimeoutError: _ssl.c:1063: The handshake operation timed out
  [  854] 18:33:38 SKIP forecast — pending unresolved
  [  855] 18:33:48 SKIP forecast — pending unresolved
  [  856] 18:33:58 RESOLVED id=btcusdt-850-1785078169478 act=0.418 c_err=0.087 q_err=0.002 ret=+0.00000
  [  856] 18:33:58 p=64714.5 c=0.468 q=0.419 δ=1.03 status=pending fallback=saturation_gate target=18:34:58
  [  857] 18:34:08 SKIP forecast — pending unresolved
[data_fetcher] _api_get /market/history/kline?symbol=btcusdt&period=1min&size=5: TimeoutError: _ssl.c:1063: The handshake operation timed out
  [  858] 18:34:20 SKIP forecast — pending unresolved
  [  859] 18:34:29 SKIP forecast — pending unresolved
  [  860] 18:34:41 SKIP forecast — pending unresolved
  [  861] 18:34:51 SKIP forecast — pending unresolved
  [  862] 18:35:02 RESOLVED id=btcusdt-856-1785078238834 act=0.420 c_err=0.047 q_err=0.002 ret=+0.00000
  [  862] 18:35:02 p=64730.1 c=0.466 q=0.425 δ=0.76 status=pending fallback=saturation_gate target=18:36:02
  [  863] 18:35:11 SKIP forecast — pending unresolved
  [  864] 18:35:19 SKIP forecast — pending unresolved
  [  865] 18:35:28 SKIP forecast — pending unresolved
  [  866] 18:35:45 SKIP forecast — pending unresolved
  [  867] 18:35:53 SKIP forecast — pending unresolved
  [  868] 18:36:03 RESOLVED id=btcusdt-862-1785078302144 act=0.412 c_err=0.054 q_err=0.013 ret=+0.00000
  [  868] 18:36:03 p=64706.3 c=0.460 q=0.419 δ=0.85 status=pending fallback=saturation_gate target=18:37:03
  [  869] 18:36:14 SKIP forecast — pending unresolved
[data_fetcher] _api_get /market/depth?symbol=btcusdt&type=step1&depth=20: TimeoutError: _ssl.c:1063: The handshake operation timed out
  [  870] 18:36:26 SKIP forecast — pending unresolved
  [  871] 18:36:36 SKIP forecast — pending unresolved
  [  872] 18:36:44 SKIP forecast — pending unresolved
  [  873] 18:36:52 SKIP forecast — pending unresolved
  [  874] 18:37:01 SKIP forecast — pending unresolved
[data_fetcher] _api_get /market/history/trade?symbol=btcusdt&size=2000: TimeoutError: _ssl.c:1063: The handshake operation timed out
  [  875] 18:37:13 RESOLVED id=btcusdt-868-1785078363250 act=0.500 c_err=0.040 q_err=0.081 ret=+0.00000
  [  875] 18:37:13 p=64729.6 c=0.498 q=0.419 δ=0.94 status=pending fallback=saturation_gate target=18:38:13
[data_fetcher] _api_get /market/depth?symbol=btcusdt&type=step1&depth=20: TimeoutError: _ssl.c:1063: The handshake operation timed out
  [  876] 18:37:26 SKIP forecast — pending unresolved
  [  877] 18:37:33 SKIP forecast — pending unresolved
[data_fetcher] _api_get /market/depth?symbol=btcusdt&type=step1&depth=20: gaierror: [Errno -3] Temporary failure in name resolution
[data_fetcher] _api_get /market/history/kline?symbol=btcusdt&period=1min&size=5: gaierror: [Errno -3] Temporary failure in name resolution
[data_fetcher] _api_get /market/detail/merged?symbol=btcusdt: gaierror: [Errno -3] Temporary failure in name resolution
[data_fetcher] _api_get /market/history/trade?symbol=btcusdt&size=2000: gaierror: [Errno -3] Temporary failure in name resolution
[data_fetcher] _api_get /market/detail/merged?symbol=btcusdt: gaierror: [Errno -3] Temporary failure in name resolution
[data_fetcher] _api_get /market/depth?symbol=btcusdt&type=step1&depth=20: gaierror: [Errno -3] Temporary failure in name resolution
[data_fetcher] _api_get /market/history/trade?symbol=btcusdt&size=2000: gaierror: [Errno -3] Temporary failure in name resolution
[data_fetcher] _api_get /market/history/kline?symbol=btcusdt&period=1min&size=5: gaierror: [Errno -3] Temporary failure in name resolution
[data_fetcher] _api_get /market/depth?symbol=btcusdt&type=step1&depth=20: gaierror: [Errno -3] Temporary failure in name resolution
[data_fetcher] _api_get /market/detail/merged?symbol=btcusdt: gaierror: [Errno -3] Temporary failure in name resolution
[data_fetcher] _api_get /market/history/trade?symbol=btcusdt&size=2000: gaierror: [Errno -3] Temporary failure in name resolution
[data_fetcher] _api_get /market/history/kline?symbol=btcusdt&period=1min&size=5: gaierror: [Errno -3] Temporary failure in name resolution
  [  878] 04:28:52 NO DATA — retrying in 5s
[data_fetcher] _api_get /market/detail/merged?symbol=btcusdt: gaierror: [Errno -3] Temporary failure in name resolution
[data_fetcher] _api_get /market/depth?symbol=btcusdt&type=step1&depth=20: gaierror: [Errno -3] Temporary failure in name resolution
[data_fetcher] _api_get /market/history/kline?symbol=btcusdt&period=1min&size=5: gaierror: [Errno -3] Temporary failure in name resolution
[data_fetcher] _api_get /market/history/trade?symbol=btcusdt&size=2000: gaierror: [Errno -3] Temporary failure in name resolution
[data_fetcher] _api_get /market/detail/merged?symbol=btcusdt: gaierror: [Errno -3] Temporary failure in name resolution
[data_fetcher] _api_get /market/depth?symbol=btcusdt&type=step1&depth=20: gaierror: [Errno -3] Temporary failure in name resolution
[data_fetcher] _api_get /market/history/trade?symbol=btcusdt&size=2000: gaierror: [Errno -3] Temporary failure in name resolution
[data_fetcher] _api_get /market/history/kline?symbol=btcusdt&period=1min&size=5: gaierror: [Errno -3] Temporary failure in name resolution
[data_fetcher] _api_get /market/detail/merged?symbol=btcusdt: gaierror: [Errno -3] Temporary failure in name resolution
[data_fetcher] _api_get /market/depth?symbol=btcusdt&type=step1&depth=20: gaierror: [Errno -3] Temporary failure in name resolution
[data_fetcher] _api_get /market/history/trade?symbol=btcusdt&size=2000: gaierror: [Errno -3] Temporary failure in name resolution
[data_fetcher] _api_get /market/history/kline?symbol=btcusdt&period=1min&size=5: gaierror: [Errno -3] Temporary failure in name resolution
  [  879] 04:29:01 NO DATA — retrying in 5s
[data_fetcher] _api_get /market/detail/merged?symbol=btcusdt: gaierror: [Errno -3] Temporary failure in name resolution
[data_fetcher] _api_get /market/depth?symbol=btcusdt&type=step1&depth=20: gaierror: [Errno -3] Temporary failure in name resolution
[data_fetcher] _api_get /market/history/trade?symbol=btcusdt&size=2000: gaierror: [Errno -3] Temporary failure in name resolution
[data_fetcher] _api_get /market/history/kline?symbol=btcusdt&period=1min&size=5: gaierror: [Errno -3] Temporary failure in name resolution
[data_fetcher] _api_get /market/detail/merged?symbol=btcusdt: gaierror: [Errno -3] Temporary failure in name resolution
[data_fetcher] _api_get /market/depth?symbol=btcusdt&type=step1&depth=20: gaierror: [Errno -3] Temporary failure in name resolution
[data_fetcher] _api_get /market/history/kline?symbol=btcusdt&period=1min&size=5: gaierror: [Errno -3] Temporary failure in name resolution
[data_fetcher] _api_get /market/history/trade?symbol=btcusdt&size=2000: gaierror: [Errno -3] Temporary failure in name resolution
[data_fetcher] _api_get /market/detail/merged?symbol=btcusdt: gaierror: [Errno -3] Temporary failure in name resolution
[data_fetcher] _api_get /market/history/trade?symbol=btcusdt&size=2000: gaierror: [Errno -3] Temporary failure in name resolution
[data_fetcher] _api_get /market/depth?symbol=btcusdt&type=step1&depth=20: gaierror: [Errno -3] Temporary failure in name resolution
[data_fetcher] _api_get /market/history/kline?symbol=btcusdt&period=1min&size=5: gaierror: [Errno -3] Temporary failure in name resolution
  [  880] 04:29:09 NO DATA — retrying in 5s
[data_fetcher] _api_get /market/depth?symbol=btcusdt&type=step1&depth=20: gaierror: [Errno -3] Temporary failure in name resolution
[data_fetcher] _api_get /market/history/trade?symbol=btcusdt&size=2000: gaierror: [Errno -3] Temporary failure in name resolution
[data_fetcher] _api_get /market/detail/merged?symbol=btcusdt: gaierror: [Errno -3] Temporary failure in name resolution
[data_fetcher] _api_get /market/history/kline?symbol=btcusdt&period=1min&size=5: gaierror: [Errno -3] Temporary failure in name resolution
[data_fetcher] _api_get /market/depth?symbol=btcusdt&type=step1&depth=20: gaierror: [Errno -3] Temporary failure in name resolution
[data_fetcher] _api_get /market/detail/merged?symbol=btcusdt: gaierror: [Errno -3] Temporary failure in name resolution
[data_fetcher] _api_get /market/history/trade?symbol=btcusdt&size=2000: gaierror: [Errno -3] Temporary failure in name resolution
[data_fetcher] _api_get /market/history/kline?symbol=btcusdt&period=1min&size=5: gaierror: [Errno -3] Temporary failure in name resolution
[data_fetcher] _api_get /market/detail/merged?symbol=btcusdt: gaierror: [Errno -3] Temporary failure in name resolution
[data_fetcher] _api_get /market/depth?symbol=btcusdt&type=step1&depth=20: gaierror: [Errno -3] Temporary failure in name resolution
[data_fetcher] _api_get /market/history/trade?symbol=btcusdt&size=2000: gaierror: [Errno -3] Temporary failure in name resolution
[data_fetcher] _api_get /market/history/kline?symbol=btcusdt&period=1min&size=5: gaierror: [Errno -3] Temporary failure in name resolution
  [  881] 04:29:18 NO DATA — retrying in 5s
[data_fetcher] _api_get /market/detail/merged?symbol=btcusdt: gaierror: [Errno -3] Temporary failure in name resolution
[data_fetcher] _api_get /market/history/trade?symbol=btcusdt&size=2000: gaierror: [Errno -3] Temporary failure in name resolution
[data_fetcher] _api_get /market/depth?symbol=btcusdt&type=step1&depth=20: gaierror: [Errno -3] Temporary failure in name resolution
[data_fetcher] _api_get /market/history/kline?symbol=btcusdt&period=1min&size=5: gaierror: [Errno -3] Temporary failure in name resolution
[data_fetcher] _api_get /market/detail/merged?symbol=btcusdt: gaierror: [Errno -3] Temporary failure in name resolution
[data_fetcher] _api_get /market/depth?symbol=btcusdt&type=step1&depth=20: gaierror: [Errno -3] Temporary failure in name resolution
[data_fetcher] _api_get /market/history/kline?symbol=btcusdt&period=1min&size=5: gaierror: [Errno -3] Temporary failure in name resolution
[data_fetcher] _api_get /market/history/trade?symbol=btcusdt&size=2000: gaierror: [Errno -3] Temporary failure in name resolution
[data_fetcher] _api_get /market/history/trade?symbol=btcusdt&size=2000: gaierror: [Errno -3] Temporary failure in name resolution
[data_fetcher] _api_get /market/detail/merged?symbol=btcusdt: gaierror: [Errno -3] Temporary failure in name resolution
[data_fetcher] _api_get /market/depth?symbol=btcusdt&type=step1&depth=20: gaierror: [Errno -3] Temporary failure in name resolution
[data_fetcher] _api_get /market/history/kline?symbol=btcusdt&period=1min&size=5: gaierror: [Errno -3] Temporary failure in name resolution
  [  882] 04:29:27 NO DATA — retrying in 5s
[data_fetcher] _api_get /market/depth?symbol=btcusdt&type=step1&depth=20: gaierror: [Errno -3] Temporary failure in name resolution
[data_fetcher] _api_get /market/detail/merged?symbol=btcusdt: gaierror: [Errno -3] Temporary failure in name resolution
[data_fetcher] _api_get /market/history/trade?symbol=btcusdt&size=2000: gaierror: [Errno -3] Temporary failure in name resolution
[data_fetcher] _api_get /market/history/kline?symbol=btcusdt&period=1min&size=5: gaierror: [Errno -3] Temporary failure in name resolution
[data_fetcher] _api_get /market/detail/merged?symbol=btcusdt: gaierror: [Errno -3] Temporary failure in name resolution
[data_fetcher] _api_get /market/depth?symbol=btcusdt&type=step1&depth=20: gaierror: [Errno -3] Temporary failure in name resolution
[data_fetcher] _api_get /market/history/trade?symbol=btcusdt&size=2000: gaierror: [Errno -3] Temporary failure in name resolution
[data_fetcher] _api_get /market/history/kline?symbol=btcusdt&period=1min&size=5: gaierror: [Errno -3] Temporary failure in name resolution
[data_fetcher] _api_get /market/detail/merged?symbol=btcusdt: gaierror: [Errno -3] Temporary failure in name resolution
[data_fetcher] _api_get /market/depth?symbol=btcusdt&type=step1&depth=20: gaierror: [Errno -3] Temporary failure in name resolution
[data_fetcher] _api_get /market/history/trade?symbol=btcusdt&size=2000: gaierror: [Errno -3] Temporary failure in name resolution
[data_fetcher] _api_get /market/history/kline?symbol=btcusdt&period=1min&size=5: gaierror: [Errno -3] Temporary failure in name resolution
  [  883] 04:29:35 NO DATA — retrying in 5s
[data_fetcher] _api_get /market/detail/merged?symbol=btcusdt: gaierror: [Errno -3] Temporary failure in name resolution
[data_fetcher] _api_get /market/depth?symbol=btcusdt&type=step1&depth=20: gaierror: [Errno -3] Temporary failure in name resolution
[data_fetcher] _api_get /market/history/trade?symbol=btcusdt&size=2000: gaierror: [Errno -3] Temporary failure in name resolution
[data_fetcher] _api_get /market/history/kline?symbol=btcusdt&period=1min&size=5: gaierror: [Errno -3] Temporary failure in name resolution
[data_fetcher] _api_get /market/detail/merged?symbol=btcusdt: gaierror: [Errno -3] Temporary failure in name resolution
[data_fetcher] _api_get /market/depth?symbol=btcusdt&type=step1&depth=20: gaierror: [Errno -3] Temporary failure in name resolution
[data_fetcher] _api_get /market/history/kline?symbol=btcusdt&period=1min&size=5: gaierror: [Errno -3] Temporary failure in name resolution
[data_fetcher] _api_get /market/history/trade?symbol=btcusdt&size=2000: gaierror: [Errno -3] Temporary failure in name resolution
[data_fetcher] _api_get /market/detail/merged?symbol=btcusdt: gaierror: [Errno -3] Temporary failure in name resolution
[data_fetcher] _api_get /market/depth?symbol=btcusdt&type=step1&depth=20: gaierror: [Errno -3] Temporary failure in name resolution
[data_fetcher] _api_get /market/history/trade?symbol=btcusdt&size=2000: gaierror: [Errno -3] Temporary failure in name resolution
[data_fetcher] _api_get /market/history/kline?symbol=btcusdt&period=1min&size=5: gaierror: [Errno -3] Temporary failure in name resolution
  [  884] 04:29:44 NO DATA — retrying in 5s
[data_fetcher] _api_get /market/detail/merged?symbol=btcusdt: gaierror: [Errno -3] Temporary failure in name resolution
[data_fetcher] _api_get /market/history/trade?symbol=btcusdt&size=2000: gaierror: [Errno -3] Temporary failure in name resolution
[data_fetcher] _api_get /market/history/kline?symbol=btcusdt&period=1min&size=5: gaierror: [Errno -3] Temporary failure in name resolution
[data_fetcher] _api_get /market/depth?symbol=btcusdt&type=step1&depth=20: gaierror: [Errno -3] Temporary failure in name resolution
[data_fetcher] _api_get /market/detail/merged?symbol=btcusdt: gaierror: [Errno -3] Temporary failure in name resolution
[data_fetcher] _api_get /market/depth?symbol=btcusdt&type=step1&depth=20: gaierror: [Errno -3] Temporary failure in name resolution
[data_fetcher] _api_get /market/history/trade?symbol=btcusdt&size=2000: gaierror: [Errno -3] Temporary failure in name resolution
[data_fetcher] _api_get /market/history/kline?symbol=btcusdt&period=1min&size=5: gaierror: [Errno -3] Temporary failure in name resolution
[data_fetcher] _api_get /market/detail/merged?symbol=btcusdt: gaierror: [Errno -3] Temporary failure in name resolution
[data_fetcher] _api_get /market/depth?symbol=btcusdt&type=step1&depth=20: gaierror: [Errno -3] Temporary failure in name resolution
[data_fetcher] _api_get /market/history/trade?symbol=btcusdt&size=2000: gaierror: [Errno -3] Temporary failure in name resolution
[data_fetcher] _api_get /market/history/kline?symbol=btcusdt&period=1min&size=5: gaierror: [Errno -3] Temporary failure in name resolution
  [  885] 04:29:52 NO DATA — retrying in 5s
[data_fetcher] _api_get /market/detail/merged?symbol=btcusdt: gaierror: [Errno -3] Temporary failure in name resolution
[data_fetcher] _api_get /market/history/trade?symbol=btcusdt&size=2000: gaierror: [Errno -3] Temporary failure in name resolution
[data_fetcher] _api_get /market/history/kline?symbol=btcusdt&period=1min&size=5: gaierror: [Errno -3] Temporary failure in name resolution
[data_fetcher] _api_get /market/depth?symbol=btcusdt&type=step1&depth=20: gaierror: [Errno -3] Temporary failure in name resolution
[data_fetcher] _api_get /market/detail/merged?symbol=btcusdt: gaierror: [Errno -3] Temporary failure in name resolution
[data_fetcher] _api_get /market/depth?symbol=btcusdt&type=step1&depth=20: gaierror: [Errno -3] Temporary failure in name resolution
[data_fetcher] _api_get /market/history/trade?symbol=btcusdt&size=2000: gaierror: [Errno -3] Temporary failure in name resolution
[data_fetcher] _api_get /market/history/kline?symbol=btcusdt&period=1min&size=5: gaierror: [Errno -3] Temporary failure in name resolution
[data_fetcher] _api_get /market/detail/merged?symbol=btcusdt: gaierror: [Errno -3] Temporary failure in name resolution
[data_fetcher] _api_get /market/history/trade?symbol=btcusdt&size=2000: gaierror: [Errno -3] Temporary failure in name resolution
[data_fetcher] _api_get /market/depth?symbol=btcusdt&type=step1&depth=20: gaierror: [Errno -3] Temporary failure in name resolution
[data_fetcher] _api_get /market/history/kline?symbol=btcusdt&period=1min&size=5: gaierror: [Errno -3] Temporary failure in name resolution
  [  886] 04:30:01 NO DATA — retrying in 5s
[data_fetcher] _api_get /market/detail/merged?symbol=btcusdt: gaierror: [Errno -3] Temporary failure in name resolution
[data_fetcher] _api_get /market/history/trade?symbol=btcusdt&size=2000: gaierror: [Errno -3] Temporary failure in name resolution
[data_fetcher] _api_get /market/depth?symbol=btcusdt&type=step1&depth=20: gaierror: [Errno -3] Temporary failure in name resolution
[data_fetcher] _api_get /market/history/kline?symbol=btcusdt&period=1min&size=5: gaierror: [Errno -3] Temporary failure in name resolution
[data_fetcher] _api_get /market/detail/merged?symbol=btcusdt: gaierror: [Errno -3] Temporary failure in name resolution
[data_fetcher] _api_get /market/depth?symbol=btcusdt&type=step1&depth=20: gaierror: [Errno -3] Temporary failure in name resolution
[data_fetcher] _api_get /market/history/trade?symbol=btcusdt&size=2000: gaierror: [Errno -3] Temporary failure in name resolution
[data_fetcher] _api_get /market/history/kline?symbol=btcusdt&period=1min&size=5: gaierror: [Errno -3] Temporary failure in name resolution
[data_fetcher] _api_get /market/detail/merged?symbol=btcusdt: gaierror: [Errno -3] Temporary failure in name resolution
[data_fetcher] _api_get /market/depth?symbol=btcusdt&type=step1&depth=20: gaierror: [Errno -3] Temporary failure in name resolution
[data_fetcher] _api_get /market/history/trade?symbol=btcusdt&size=2000: gaierror: [Errno -3] Temporary failure in name resolution
[data_fetcher] _api_get /market/history/kline?symbol=btcusdt&period=1min&size=5: gaierror: [Errno -3] Temporary failure in name resolution
  [  887] 04:30:10 NO DATA — retrying in 5s
[data_fetcher] _api_get /market/depth?symbol=btcusdt&type=step1&depth=20: gaierror: [Errno -3] Temporary failure in name resolution
[data_fetcher] _api_get /market/detail/merged?symbol=btcusdt: gaierror: [Errno -3] Temporary failure in name resolution
[data_fetcher] _api_get /market/history/trade?symbol=btcusdt&size=2000: gaierror: [Errno -3] Temporary failure in name resolution
[data_fetcher] _api_get /market/history/kline?symbol=btcusdt&period=1min&size=5: gaierror: [Errno -3] Temporary failure in name resolution
[data_fetcher] _api_get /market/detail/merged?symbol=btcusdt: gaierror: [Errno -3] Temporary failure in name resolution
[data_fetcher] _api_get /market/history/trade?symbol=btcusdt&size=2000: gaierror: [Errno -3] Temporary failure in name resolution
[data_fetcher] _api_get /market/history/kline?symbol=btcusdt&period=1min&size=5: gaierror: [Errno -3] Temporary failure in name resolution
[data_fetcher] _api_get /market/depth?symbol=btcusdt&type=step1&depth=20: gaierror: [Errno -3] Temporary failure in name resolution
[data_fetcher] _api_get /market/detail/merged?symbol=btcusdt: gaierror: [Errno -3] Temporary failure in name resolution
[data_fetcher] _api_get /market/depth?symbol=btcusdt&type=step1&depth=20: gaierror: [Errno -3] Temporary failure in name resolution
[data_fetcher] _api_get /market/history/kline?symbol=btcusdt&period=1min&size=5: gaierror: [Errno -3] Temporary failure in name resolution
[data_fetcher] _api_get /market/history/trade?symbol=btcusdt&size=2000: gaierror: [Errno -3] Temporary failure in name resolution
  [  888] 04:30:18 NO DATA — retrying in 5s
[data_fetcher] _api_get /market/history/trade?symbol=btcusdt&size=2000: gaierror: [Errno -3] Temporary failure in name resolution
[data_fetcher] _api_get /market/depth?symbol=btcusdt&type=step1&depth=20: gaierror: [Errno -3] Temporary failure in name resolution
[data_fetcher] _api_get /market/history/kline?symbol=btcusdt&period=1min&size=5: gaierror: [Errno -3] Temporary failure in name resolution
[data_fetcher] _api_get /market/detail/merged?symbol=btcusdt: gaierror: [Errno -3] Temporary failure in name resolution
[data_fetcher] _api_get /market/detail/merged?symbol=btcusdt: gaierror: [Errno -3] Temporary failure in name resolution
[data_fetcher] _api_get /market/depth?symbol=btcusdt&type=step1&depth=20: gaierror: [Errno -3] Temporary failure in name resolution
[data_fetcher] _api_get /market/history/trade?symbol=btcusdt&size=2000: gaierror: [Errno -3] Temporary failure in name resolution
[data_fetcher] _api_get /market/history/kline?symbol=btcusdt&period=1min&size=5: gaierror: [Errno -3] Temporary failure in name resolution
[data_fetcher] _api_get /market/detail/merged?symbol=btcusdt: gaierror: [Errno -3] Temporary failure in name resolution
[data_fetcher] _api_get /market/depth?symbol=btcusdt&type=step1&depth=20: gaierror: [Errno -3] Temporary failure in name resolution
[data_fetcher] _api_get /market/history/trade?symbol=btcusdt&size=2000: gaierror: [Errno -3] Temporary failure in name resolution
[data_fetcher] _api_get /market/history/kline?symbol=btcusdt&period=1min&size=5: gaierror: [Errno -3] Temporary failure in name resolution
  [  889] 04:30:27 NO DATA — retrying in 5s
[data_fetcher] _api_get /market/history/trade?symbol=btcusdt&size=2000: gaierror: [Errno -3] Temporary failure in name resolution
[data_fetcher] _api_get /market/detail/merged?symbol=btcusdt: gaierror: [Errno -3] Temporary failure in name resolution
[data_fetcher] _api_get /market/depth?symbol=btcusdt&type=step1&depth=20: gaierror: [Errno -3] Temporary failure in name resolution
[data_fetcher] _api_get /market/history/kline?symbol=btcusdt&period=1min&size=5: gaierror: [Errno -3] Temporary failure in name resolution
[data_fetcher] _api_get /market/depth?symbol=btcusdt&type=step1&depth=20: gaierror: [Errno -3] Temporary failure in name resolution
[data_fetcher] _api_get /market/detail/merged?symbol=btcusdt: gaierror: [Errno -3] Temporary failure in name resolution
[data_fetcher] _api_get /market/history/kline?symbol=btcusdt&period=1min&size=5: gaierror: [Errno -3] Temporary failure in name resolution
[data_fetcher] _api_get /market/history/trade?symbol=btcusdt&size=2000: gaierror: [Errno -3] Temporary failure in name resolution
[data_fetcher] _api_get /market/detail/merged?symbol=btcusdt: gaierror: [Errno -3] Temporary failure in name resolution
[data_fetcher] _api_get /market/history/trade?symbol=btcusdt&size=2000: gaierror: [Errno -3] Temporary failure in name resolution
[data_fetcher] _api_get /market/depth?symbol=btcusdt&type=step1&depth=20: gaierror: [Errno -3] Temporary failure in name resolution
[data_fetcher] _api_get /market/history/kline?symbol=btcusdt&period=1min&size=5: gaierror: [Errno -3] Temporary failure in name resolution
  [  890] 04:30:36 NO DATA — retrying in 5s
[data_fetcher] _api_get /market/depth?symbol=btcusdt&type=step1&depth=20: gaierror: [Errno -3] Temporary failure in name resolution
[data_fetcher] _api_get /market/detail/merged?symbol=btcusdt: gaierror: [Errno -3] Temporary failure in name resolution
[data_fetcher] _api_get /market/history/trade?symbol=btcusdt&size=2000: gaierror: [Errno -3] Temporary failure in name resolution
[data_fetcher] _api_get /market/history/kline?symbol=btcusdt&period=1min&size=5: gaierror: [Errno -3] Temporary failure in name resolution
[data_fetcher] _api_get /market/detail/merged?symbol=btcusdt: gaierror: [Errno -3] Temporary failure in name resolution
[data_fetcher] _api_get /market/history/trade?symbol=btcusdt&size=2000: gaierror: [Errno -3] Temporary failure in name resolution
[data_fetcher] _api_get /market/depth?symbol=btcusdt&type=step1&depth=20: gaierror: [Errno -3] Temporary failure in name resolution
[data_fetcher] _api_get /market/history/kline?symbol=btcusdt&period=1min&size=5: gaierror: [Errno -3] Temporary failure in name resolution
[data_fetcher] _api_get /market/detail/merged?symbol=btcusdt: gaierror: [Errno -3] Temporary failure in name resolution
[data_fetcher] _api_get /market/depth?symbol=btcusdt&type=step1&depth=20: gaierror: [Errno -3] Temporary failure in name resolution
[data_fetcher] _api_get /market/history/kline?symbol=btcusdt&period=1min&size=5: gaierror: [Errno -3] Temporary failure in name resolution
[data_fetcher] _api_get /market/history/trade?symbol=btcusdt&size=2000: gaierror: [Errno -3] Temporary failure in name resolution
  [  891] 04:30:44 NO DATA — retrying in 5s
[data_fetcher] _api_get /market/detail/merged?symbol=btcusdt: gaierror: [Errno -3] Temporary failure in name resolution
[data_fetcher] _api_get /market/depth?symbol=btcusdt&type=step1&depth=20: gaierror: [Errno -3] Temporary failure in name resolution
[data_fetcher] _api_get /market/history/trade?symbol=btcusdt&size=2000: gaierror: [Errno -3] Temporary failure in name resolution
[data_fetcher] _api_get /market/history/kline?symbol=btcusdt&period=1min&size=5: gaierror: [Errno -3] Temporary failure in name resolution
[data_fetcher] _api_get /market/depth?symbol=btcusdt&type=step1&depth=20: gaierror: [Errno -3] Temporary failure in name resolution
[data_fetcher] _api_get /market/detail/merged?symbol=btcusdt: gaierror: [Errno -3] Temporary failure in name resolution
[data_fetcher] _api_get /market/history/trade?symbol=btcusdt&size=2000: gaierror: [Errno -3] Temporary failure in name resolution
[data_fetcher] _api_get /market/history/kline?symbol=btcusdt&period=1min&size=5: gaierror: [Errno -3] Temporary failure in name resolution
[data_fetcher] _api_get /market/depth?symbol=btcusdt&type=step1&depth=20: gaierror: [Errno -3] Temporary failure in name resolution
[data_fetcher] _api_get /market/history/trade?symbol=btcusdt&size=2000: gaierror: [Errno -3] Temporary failure in name resolution
[data_fetcher] _api_get /market/detail/merged?symbol=btcusdt: gaierror: [Errno -3] Temporary failure in name resolution
[data_fetcher] _api_get /market/history/kline?symbol=btcusdt&period=1min&size=5: gaierror: [Errno -3] Temporary failure in name resolution
  [  892] 04:30:53 NO DATA — retrying in 5s
[data_fetcher] _api_get /market/detail/merged?symbol=btcusdt: gaierror: [Errno -3] Temporary failure in name resolution
[data_fetcher] _api_get /market/depth?symbol=btcusdt&type=step1&depth=20: gaierror: [Errno -3] Temporary failure in name resolution
[data_fetcher] _api_get /market/history/trade?symbol=btcusdt&size=2000: gaierror: [Errno -3] Temporary failure in name resolution
[data_fetcher] _api_get /market/history/kline?symbol=btcusdt&period=1min&size=5: gaierror: [Errno -3] Temporary failure in name resolution
[data_fetcher] _api_get /market/detail/merged?symbol=btcusdt: gaierror: [Errno -3] Temporary failure in name resolution
[data_fetcher] _api_get /market/depth?symbol=btcusdt&type=step1&depth=20: gaierror: [Errno -3] Temporary failure in name resolution
[data_fetcher] _api_get /market/history/trade?symbol=btcusdt&size=2000: gaierror: [Errno -3] Temporary failure in name resolution
[data_fetcher] _api_get /market/history/kline?symbol=btcusdt&period=1min&size=5: gaierror: [Errno -3] Temporary failure in name resolution
[data_fetcher] _api_get /market/history/trade?symbol=btcusdt&size=2000: gaierror: [Errno -3] Temporary failure in name resolution
[data_fetcher] _api_get /market/depth?symbol=btcusdt&type=step1&depth=20: gaierror: [Errno -3] Temporary failure in name resolution
[data_fetcher] _api_get /market/detail/merged?symbol=btcusdt: gaierror: [Errno -3] Temporary failure in name resolution
[data_fetcher] _api_get /market/history/kline?symbol=btcusdt&period=1min&size=5: gaierror: [Errno -3] Temporary failure in name resolution
  [  893] 04:31:01 NO DATA — retrying in 5s
[data_fetcher] _api_get /market/depth?symbol=btcusdt&type=step1&depth=20: gaierror: [Errno -3] Temporary failure in name resolution
[data_fetcher] _api_get /market/detail/merged?symbol=btcusdt: gaierror: [Errno -3] Temporary failure in name resolution
[data_fetcher] _api_get /market/history/trade?symbol=btcusdt&size=2000: gaierror: [Errno -3] Temporary failure in name resolution
[data_fetcher] _api_get /market/history/kline?symbol=btcusdt&period=1min&size=5: gaierror: [Errno -3] Temporary failure in name resolution
[data_fetcher] _api_get /market/detail/merged?symbol=btcusdt: gaierror: [Errno -3] Temporary failure in name resolution
[data_fetcher] _api_get /market/depth?symbol=btcusdt&type=step1&depth=20: gaierror: [Errno -3] Temporary failure in name resolution
[data_fetcher] _api_get /market/history/kline?symbol=btcusdt&period=1min&size=5: gaierror: [Errno -3] Temporary failure in name resolution
[data_fetcher] _api_get /market/history/trade?symbol=btcusdt&size=2000: gaierror: [Errno -3] Temporary failure in name resolution
[data_fetcher] _api_get /market/detail/merged?symbol=btcusdt: gaierror: [Errno -3] Temporary failure in name resolution
[data_fetcher] _api_get /market/depth?symbol=btcusdt&type=step1&depth=20: gaierror: [Errno -3] Temporary failure in name resolution
[data_fetcher] _api_get /market/history/trade?symbol=btcusdt&size=2000: gaierror: [Errno -3] Temporary failure in name resolution
[data_fetcher] _api_get /market/history/kline?symbol=btcusdt&period=1min&size=5: gaierror: [Errno -3] Temporary failure in name resolution
  [  894] 04:31:10 NO DATA — retrying in 5s
[data_fetcher] _api_get /market/detail/merged?symbol=btcusdt: gaierror: [Errno -3] Temporary failure in name resolution
[data_fetcher] _api_get /market/depth?symbol=btcusdt&type=step1&depth=20: gaierror: [Errno -3] Temporary failure in name resolution
[data_fetcher] _api_get /market/history/trade?symbol=btcusdt&size=2000: gaierror: [Errno -3] Temporary failure in name resolution[data_fetcher] _api_get /market/history/kline?symbol=btcusdt&period=1min&size=5: gaierror: [Errno -3] Temporary failure in name resolution

[data_fetcher] _api_get /market/detail/merged?symbol=btcusdt: gaierror: [Errno -3] Temporary failure in name resolution
[data_fetcher] _api_get /market/depth?symbol=btcusdt&type=step1&depth=20: gaierror: [Errno -3] Temporary failure in name resolution
[data_fetcher] _api_get /market/history/trade?symbol=btcusdt&size=2000: gaierror: [Errno -3] Temporary failure in name resolution
[data_fetcher] _api_get /market/history/kline?symbol=btcusdt&period=1min&size=5: gaierror: [Errno -3] Temporary failure in name resolution
[data_fetcher] _api_get /market/detail/merged?symbol=btcusdt: gaierror: [Errno -3] Temporary failure in name resolution
[data_fetcher] _api_get /market/depth?symbol=btcusdt&type=step1&depth=20: gaierror: [Errno -3] Temporary failure in name resolution
[data_fetcher] _api_get /market/history/kline?symbol=btcusdt&period=1min&size=5: gaierror: [Errno -3] Temporary failure in name resolution
[data_fetcher] _api_get /market/history/trade?symbol=btcusdt&size=2000: gaierror: [Errno -3] Temporary failure in name resolution
  [  895] 04:31:19 NO DATA — retrying in 5s
[data_fetcher] _api_get /market/detail/merged?symbol=btcusdt: gaierror: [Errno -3] Temporary failure in name resolution
[data_fetcher] _api_get /market/depth?symbol=btcusdt&type=step1&depth=20: gaierror: [Errno -3] Temporary failure in name resolution
[data_fetcher] _api_get /market/history/kline?symbol=btcusdt&period=1min&size=5: gaierror: [Errno -3] Temporary failure in name resolution
[data_fetcher] _api_get /market/history/trade?symbol=btcusdt&size=2000: gaierror: [Errno -3] Temporary failure in name resolution
[data_fetcher] _api_get /market/depth?symbol=btcusdt&type=step1&depth=20: gaierror: [Errno -3] Temporary failure in name resolution
[data_fetcher] _api_get /market/history/trade?symbol=btcusdt&size=2000: gaierror: [Errno -3] Temporary failure in name resolution
[data_fetcher] _api_get /market/detail/merged?symbol=btcusdt: gaierror: [Errno -3] Temporary failure in name resolution
[data_fetcher] _api_get /market/history/kline?symbol=btcusdt&period=1min&size=5: gaierror: [Errno -3] Temporary failure in name resolution
[data_fetcher] _api_get /market/depth?symbol=btcusdt&type=step1&depth=20: gaierror: [Errno -3] Temporary failure in name resolution
[data_fetcher] _api_get /market/detail/merged?symbol=btcusdt: gaierror: [Errno -3] Temporary failure in name resolution
[data_fetcher] _api_get /market/history/trade?symbol=btcusdt&size=2000: gaierror: [Errno -3] Temporary failure in name resolution
[data_fetcher] _api_get /market/history/kline?symbol=btcusdt&period=1min&size=5: gaierror: [Errno -3] Temporary failure in name resolution
  [  896] 04:31:27 NO DATA — retrying in 5s
[data_fetcher] _api_get /market/detail/merged?symbol=btcusdt: gaierror: [Errno -3] Temporary failure in name resolution
[data_fetcher] _api_get /market/history/trade?symbol=btcusdt&size=2000: gaierror: [Errno -3] Temporary failure in name resolution
[data_fetcher] _api_get /market/depth?symbol=btcusdt&type=step1&depth=20: gaierror: [Errno -3] Temporary failure in name resolution
[data_fetcher] _api_get /market/history/kline?symbol=btcusdt&period=1min&size=5: gaierror: [Errno -3] Temporary failure in name resolution
[data_fetcher] _api_get /market/history/trade?symbol=btcusdt&size=2000: gaierror: [Errno -3] Temporary failure in name resolution
[data_fetcher] _api_get /market/history/kline?symbol=btcusdt&period=1min&size=5: gaierror: [Errno -3] Temporary failure in name resolution
[data_fetcher] _api_get /market/detail/merged?symbol=btcusdt: gaierror: [Errno -3] Temporary failure in name resolution
[data_fetcher] _api_get /market/depth?symbol=btcusdt&type=step1&depth=20: gaierror: [Errno -3] Temporary failure in name resolution
[data_fetcher] _api_get /market/depth?symbol=btcusdt&type=step1&depth=20: gaierror: [Errno -3] Temporary failure in name resolution
[data_fetcher] _api_get /market/detail/merged?symbol=btcusdt: gaierror: [Errno -3] Temporary failure in name resolution
[data_fetcher] _api_get /market/history/kline?symbol=btcusdt&period=1min&size=5: gaierror: [Errno -3] Temporary failure in name resolution
[data_fetcher] _api_get /market/history/trade?symbol=btcusdt&size=2000: gaierror: [Errno -3] Temporary failure in name resolution
  [  897] 04:31:36 NO DATA — retrying in 5s
[data_fetcher] _api_get /market/detail/merged?symbol=btcusdt: gaierror: [Errno -3] Temporary failure in name resolution
[data_fetcher] _api_get /market/depth?symbol=btcusdt&type=step1&depth=20: gaierror: [Errno -3] Temporary failure in name resolution
[data_fetcher] _api_get /market/history/kline?symbol=btcusdt&period=1min&size=5: gaierror: [Errno -3] Temporary failure in name resolution
[data_fetcher] _api_get /market/history/trade?symbol=btcusdt&size=2000: gaierror: [Errno -3] Temporary failure in name resolution
[data_fetcher] _api_get /market/depth?symbol=btcusdt&type=step1&depth=20: gaierror: [Errno -3] Temporary failure in name resolution
[data_fetcher] _api_get /market/detail/merged?symbol=btcusdt: gaierror: [Errno -3] Temporary failure in name resolution
[data_fetcher] _api_get /market/history/trade?symbol=btcusdt&size=2000: gaierror: [Errno -3] Temporary failure in name resolution
[data_fetcher] _api_get /market/history/kline?symbol=btcusdt&period=1min&size=5: gaierror: [Errno -3] Temporary failure in name resolution
[data_fetcher] _api_get /market/detail/merged?symbol=btcusdt: gaierror: [Errno -3] Temporary failure in name resolution
[data_fetcher] _api_get /market/depth?symbol=btcusdt&type=step1&depth=20: gaierror: [Errno -3] Temporary failure in name resolution
[data_fetcher] _api_get /market/history/trade?symbol=btcusdt&size=2000: gaierror: [Errno -3] Temporary failure in name resolution
[data_fetcher] _api_get /market/history/kline?symbol=btcusdt&period=1min&size=5: gaierror: [Errno -3] Temporary failure in name resolution
  [  898] 04:31:45 NO DATA — retrying in 5s
[data_fetcher] _api_get /market/depth?symbol=btcusdt&type=step1&depth=20: gaierror: [Errno -3] Temporary failure in name resolution
[data_fetcher] _api_get /market/detail/merged?symbol=btcusdt: gaierror: [Errno -3] Temporary failure in name resolution
[data_fetcher] _api_get /market/history/trade?symbol=btcusdt&size=2000: gaierror: [Errno -3] Temporary failure in name resolution
[data_fetcher] _api_get /market/history/kline?symbol=btcusdt&period=1min&size=5: gaierror: [Errno -3] Temporary failure in name resolution
[data_fetcher] _api_get /market/detail/merged?symbol=btcusdt: gaierror: [Errno -3] Temporary failure in name resolution
[data_fetcher] _api_get /market/depth?symbol=btcusdt&type=step1&depth=20: gaierror: [Errno -3] Temporary failure in name resolution
[data_fetcher] _api_get /market/history/trade?symbol=btcusdt&size=2000: gaierror: [Errno -3] Temporary failure in name resolution
[data_fetcher] _api_get /market/history/kline?symbol=btcusdt&period=1min&size=5: gaierror: [Errno -3] Temporary failure in name resolution
[data_fetcher] _api_get /market/detail/merged?symbol=btcusdt: gaierror: [Errno -3] Temporary failure in name resolution
[data_fetcher] _api_get /market/depth?symbol=btcusdt&type=step1&depth=20: gaierror: [Errno -3] Temporary failure in name resolution
[data_fetcher] _api_get /market/history/kline?symbol=btcusdt&period=1min&size=5: gaierror: [Errno -3] Temporary failure in name resolution
[data_fetcher] _api_get /market/history/trade?symbol=btcusdt&size=2000: gaierror: [Errno -3] Temporary failure in name resolution
  [  899] 04:31:53 NO DATA — retrying in 5s
[data_fetcher] _api_get /market/detail/merged?symbol=btcusdt: gaierror: [Errno -3] Temporary failure in name resolution
[data_fetcher] _api_get /market/depth?symbol=btcusdt&type=step1&depth=20: gaierror: [Errno -3] Temporary failure in name resolution
[data_fetcher] _api_get /market/history/kline?symbol=btcusdt&period=1min&size=5: gaierror: [Errno -3] Temporary failure in name resolution
[data_fetcher] _api_get /market/history/trade?symbol=btcusdt&size=2000: gaierror: [Errno -3] Temporary failure in name resolution
[data_fetcher] _api_get /market/detail/merged?symbol=btcusdt: gaierror: [Errno -3] Temporary failure in name resolution
[data_fetcher] _api_get /market/depth?symbol=btcusdt&type=step1&depth=20: gaierror: [Errno -3] Temporary failure in name resolution
[data_fetcher] _api_get /market/history/trade?symbol=btcusdt&size=2000: gaierror: [Errno -3] Temporary failure in name resolution
[data_fetcher] _api_get /market/history/kline?symbol=btcusdt&period=1min&size=5: gaierror: [Errno -3] Temporary failure in name resolution
[data_fetcher] _api_get /market/detail/merged?symbol=btcusdt: gaierror: [Errno -3] Temporary failure in name resolution
[data_fetcher] _api_get /market/depth?symbol=btcusdt&type=step1&depth=20: gaierror: [Errno -3] Temporary failure in name resolution
[data_fetcher] _api_get /market/history/trade?symbol=btcusdt&size=2000: gaierror: [Errno -3] Temporary failure in name resolution
[data_fetcher] _api_get /market/history/kline?symbol=btcusdt&period=1min&size=5: gaierror: [Errno -3] Temporary failure in name resolution
  [  900] 04:32:02 NO DATA — retrying in 5s
[data_fetcher] _api_get /market/depth?symbol=btcusdt&type=step1&depth=20: gaierror: [Errno -3] Temporary failure in name resolution
[data_fetcher] _api_get /market/detail/merged?symbol=btcusdt: gaierror: [Errno -3] Temporary failure in name resolution
[data_fetcher] _api_get /market/history/kline?symbol=btcusdt&period=1min&size=5: gaierror: [Errno -3] Temporary failure in name resolution
[data_fetcher] _api_get /market/history/trade?symbol=btcusdt&size=2000: gaierror: [Errno -3] Temporary failure in name resolution
[data_fetcher] _api_get /market/detail/merged?symbol=btcusdt: gaierror: [Errno -3] Temporary failure in name resolution
[data_fetcher] _api_get /market/depth?symbol=btcusdt&type=step1&depth=20: gaierror: [Errno -3] Temporary failure in name resolution
[data_fetcher] _api_get /market/history/kline?symbol=btcusdt&period=1min&size=5: gaierror: [Errno -3] Temporary failure in name resolution
[data_fetcher] _api_get /market/history/trade?symbol=btcusdt&size=2000: gaierror: [Errno -3] Temporary failure in name resolution
[data_fetcher] _api_get /market/detail/merged?symbol=btcusdt: gaierror: [Errno -3] Temporary failure in name resolution
[data_fetcher] _api_get /market/depth?symbol=btcusdt&type=step1&depth=20: gaierror: [Errno -3] Temporary failure in name resolution
[data_fetcher] _api_get /market/history/kline?symbol=btcusdt&period=1min&size=5: gaierror: [Errno -3] Temporary failure in name resolution
[data_fetcher] _api_get /market/history/trade?symbol=btcusdt&size=2000: gaierror: [Errno -3] Temporary failure in name resolution
  [  901] 04:32:10 NO DATA — retrying in 5s
[data_fetcher] _api_get /market/depth?symbol=btcusdt&type=step1&depth=20: gaierror: [Errno -3] Temporary failure in name resolution
[data_fetcher] _api_get /market/detail/merged?symbol=btcusdt: gaierror: [Errno -3] Temporary failure in name resolution
[data_fetcher] _api_get /market/history/trade?symbol=btcusdt&size=2000: gaierror: [Errno -3] Temporary failure in name resolution
[data_fetcher] _api_get /market/history/kline?symbol=btcusdt&period=1min&size=5: gaierror: [Errno -3] Temporary failure in name resolution
[data_fetcher] _api_get /market/depth?symbol=btcusdt&type=step1&depth=20: gaierror: [Errno -3] Temporary failure in name resolution
[data_fetcher] _api_get /market/detail/merged?symbol=btcusdt: gaierror: [Errno -3] Temporary failure in name resolution
[data_fetcher] _api_get /market/history/trade?symbol=btcusdt&size=2000: gaierror: [Errno -3] Temporary failure in name resolution
[data_fetcher] _api_get /market/history/kline?symbol=btcusdt&period=1min&size=5: gaierror: [Errno -3] Temporary failure in name resolution
[data_fetcher] _api_get /market/detail/merged?symbol=btcusdt: gaierror: [Errno -3] Temporary failure in name resolution
[data_fetcher] _api_get /market/depth?symbol=btcusdt&type=step1&depth=20: gaierror: [Errno -3] Temporary failure in name resolution
[data_fetcher] _api_get /market/history/trade?symbol=btcusdt&size=2000: gaierror: [Errno -3] Temporary failure in name resolution
[data_fetcher] _api_get /market/history/kline?symbol=btcusdt&period=1min&size=5: gaierror: [Errno -3] Temporary failure in name resolution
  [  902] 04:32:19 NO DATA — retrying in 5s
  [  903] 04:32:29 RESOLVED id=btcusdt-875-1785078433674 act=0.483 c_err=0.014 q_err=0.065 ret=+0.00000
  [  903] 04:32:29 p=65168.0 c=0.489 q=0.421 δ=1.16 status=pending fallback=saturation_gate target=04:33:28
  [  904] 04:32:36 SKIP forecast — pending unresolved
  [  905] 04:32:43 SKIP forecast — pending unresolved
  [  906] 04:32:51 SKIP forecast — pending unresolved
  [  907] 04:32:59 SKIP forecast — pending unresolved
  [  908] 04:33:06 SKIP forecast — pending unresolved
  [  909] 04:33:14 SKIP forecast — pending unresolved
  [  910] 04:33:22 SKIP forecast — pending unresolved
  [  911] 04:33:31 RESOLVED id=btcusdt-903-1785114148999 act=0.482 c_err=0.007 q_err=0.061 ret=+0.00000
  [  911] 04:33:31 p=65188.0 c=0.513 q=0.458 δ=1.14 status=pending fallback=saturation_gate target=04:34:31
  [  912] 04:33:38 SKIP forecast — pending unresolved
  [  913] 04:33:46 SKIP forecast — pending unresolved
  [  914] 04:33:53 SKIP forecast — pending unresolved
  [  915] 04:34:00 SKIP forecast — pending unresolved
  [  916] 04:34:08 SKIP forecast — pending unresolved
  [  917] 04:34:15 SKIP forecast — pending unresolved

  Signal 15 received, shutting down gracefully...

  Stopped at 2026-07-27 04:34:18
  Collected 890 observations, 159 predictions
  Saved to /home/manjaruhp/Pictures/Autonomous-AI-june2026/Exchange-Q/core/_live_results/btcusdt-quantum-1785067586.json

  FINAL: exploratory only — need at least 30 resolved eligible predictions
  QUANTUM-ONLY LIVE PIPELINE
  symbol=btcusdt  max_resolved=500  max_fetches=unlimited  max_runtime=unlimited
  horizon=60.0s  sample_interval=5.0s  window=15
  output=/home/manjaruhp/Pictures/Autonomous-AI-june2026/Exchange-Q/core/_live_results/btcusdt-quantum-1785114264.json
  database=/home/manjaruhp/Pictures/Autonomous-AI-june2026/Exchange-Q/core/_live_results/btcusdt-quantum-1785114264.sqlite3
  PID=1560484
  Started at 2026-07-27 04:34:24

  [    0] 04:34:27 WARMUP (1/15)
  [    1] 04:34:34 WARMUP (2/15)
  [    2] 04:34:42 WARMUP (3/15)
  [    3] 04:34:49 WARMUP (4/15)
  [    4] 04:34:56 WARMUP (5/15)
  [    5] 04:35:03 WARMUP (6/15)
  [    6] 04:35:11 WARMUP (7/15)
  [    7] 04:35:19 WARMUP (8/15)
  [    8] 04:35:26 WARMUP (9/15)
  [    9] 04:35:33 WARMUP (10/15)
  [   10] 04:35:41 WARMUP (11/15)
  [   11] 04:35:48 WARMUP (12/15)
  [   12] 04:35:57 WARMUP (13/15)
  [   13] 04:36:04 WARMUP (14/15)
  WARMUP complete — creating predictions for horizon=60.0s
  [   14] 04:36:12 p=65181.6 c=0.518 q=0.484 δ=0.99 status=pending fallback=saturation_gate target=04:37:12
  [   15] 04:36:19 SKIP forecast — pending unresolved
  [   16] 04:36:26 SKIP forecast — pending unresolved
  [   17] 04:36:33 SKIP forecast — pending unresolved
  [   18] 04:36:40 SKIP forecast — pending unresolved
  [   19] 04:36:48 SKIP forecast — pending unresolved
  [   20] 04:36:55 SKIP forecast — pending unresolved
  [   21] 04:37:03 SKIP forecast — pending unresolved
  [   22] 04:37:10 SKIP forecast — pending unresolved
  [   23] 04:37:19 RESOLVED id=btcusdt-14-1785114372361 act=0.485 c_err=0.032 q_err=0.002 ret=+0.00000
  [   23] 04:37:19 p=65184.5 c=0.519 q=0.487 δ=0.96 status=pending fallback=saturation_gate target=04:38:19
  [   24] 04:37:26 SKIP forecast — pending unresolved
  [   25] 04:37:34 SKIP forecast — pending unresolved
  [   26] 04:37:43 SKIP forecast — pending unresolved
  [   27] 04:37:50 SKIP forecast — pending unresolved
  [   28] 04:37:59 SKIP forecast — pending unresolved
  [   29] 04:38:06 SKIP forecast — pending unresolved
  [   30] 04:38:14 SKIP forecast — pending unresolved
  [   31] 04:38:21 RESOLVED id=btcusdt-23-1785114439301 act=0.483 c_err=0.035 q_err=0.003 ret=+0.00000
  [   31] 04:38:21 p=65195.9 c=0.517 q=0.485 δ=1.16 status=pending fallback=saturation_gate target=04:39:21
  [   32] 04:38:29 SKIP forecast — pending unresolved
  [   33] 04:38:36 SKIP forecast — pending unresolved
  [   34] 04:38:45 SKIP forecast — pending unresolved
  [   35] 04:38:53 SKIP forecast — pending unresolved
  [   36] 04:39:00 SKIP forecast — pending unresolved
  [   37] 04:39:06 SKIP forecast — pending unresolved
  [   38] 04:39:13 SKIP forecast — pending unresolved
  [   39] 04:39:21 SKIP forecast — pending unresolved
  [   40] 04:39:29 RESOLVED id=btcusdt-31-1785114501931 act=0.479 c_err=0.038 q_err=0.005 ret=+0.00000
  [   40] 04:39:29 p=65164.3 c=0.514 q=0.615 δ=1.29 status=pending fallback=none target=04:40:29
  [   41] 04:39:37 SKIP forecast — pending unresolved
  [   42] 04:39:45 SKIP forecast — pending unresolved
  [   43] 04:39:52 SKIP forecast — pending unresolved
  [   44] 04:39:59 SKIP forecast — pending unresolved
  [   45] 04:40:06 SKIP forecast — pending unresolved
  [   46] 04:40:14 SKIP forecast — pending unresolved
  [   47] 04:40:21 SKIP forecast — pending unresolved
  [   48] 04:40:28 SKIP forecast — pending unresolved
  [   49] 04:40:36 RESOLVED id=btcusdt-40-1785114569932 act=0.481 c_err=0.033 q_err=0.134 ret=-0.00198
  [   49] 04:40:36 p=65168.4 c=0.515 q=0.481 δ=0.93 status=pending fallback=saturation_gate target=04:41:36
  [   50] 04:40:43 SKIP forecast — pending unresolved
  [   51] 04:40:51 SKIP forecast — pending unresolved
  [   52] 04:40:59 SKIP forecast — pending unresolved
  [   53] 04:41:07 SKIP forecast — pending unresolved
  [   54] 04:41:15 SKIP forecast — pending unresolved
  [   55] 04:41:22 SKIP forecast — pending unresolved
  [   56] 04:41:30 SKIP forecast — pending unresolved
  [   57] 04:41:36 RESOLVED id=btcusdt-49-1785114636125 act=0.472 c_err=0.042 q_err=0.009 ret=+0.00000
  [   57] 04:41:36 p=65147.4 c=0.510 q=0.480 δ=0.96 status=pending fallback=saturation_gate target=04:42:36
  [   58] 04:41:43 SKIP forecast — pending unresolved
  [   59] 04:41:49 SKIP forecast — pending unresolved
  [   60] 04:41:56 SKIP forecast — pending unresolved
  [   61] 04:42:03 SKIP forecast — pending unresolved
  [   62] 04:42:10 SKIP forecast — pending unresolved
  [   63] 04:42:17 SKIP forecast — pending unresolved
  [   64] 04:42:24 SKIP forecast — pending unresolved
  [   65] 04:42:31 SKIP forecast — pending unresolved
  [   66] 04:42:38 RESOLVED id=btcusdt-57-1785114696658 act=0.475 c_err=0.034 q_err=0.004 ret=+0.00000
  [   66] 04:42:38 p=65112.6 c=0.510 q=0.474 δ=0.81 status=pending fallback=saturation_gate target=04:43:38
  [   67] 04:42:45 SKIP forecast — pending unresolved
  [   68] 04:42:52 SKIP forecast — pending unresolved
  [   69] 04:43:00 SKIP forecast — pending unresolved
  [   70] 04:43:06 SKIP forecast — pending unresolved
  [   71] 04:43:13 SKIP forecast — pending unresolved
  [   72] 04:43:20 SKIP forecast — pending unresolved
  [   73] 04:43:26 SKIP forecast — pending unresolved
  [   74] 04:43:33 SKIP forecast — pending unresolved
  [   75] 04:43:40 RESOLVED id=btcusdt-66-1785114758739 act=0.477 c_err=0.033 q_err=0.003 ret=+0.00000
  [   75] 04:43:40 p=65076.4 c=0.513 q=0.477 δ=0.75 status=pending fallback=saturation_gate target=04:44:40
  [   76] 04:43:47 SKIP forecast — pending unresolved
  [   77] 04:43:54 SKIP forecast — pending unresolved
  [   78] 04:44:01 SKIP forecast — pending unresolved
  [   79] 04:44:08 SKIP forecast — pending unresolved
  [   80] 04:44:14 SKIP forecast — pending unresolved
  [   81] 04:44:21 SKIP forecast — pending unresolved
  [   82] 04:44:27 SKIP forecast — pending unresolved
  [   83] 04:44:34 SKIP forecast — pending unresolved
  [   84] 04:44:41 RESOLVED id=btcusdt-75-1785114820976 act=0.468 c_err=0.045 q_err=0.009 ret=+0.00000
  [   84] 04:44:41 p=65055.3 c=0.506 q=0.474 δ=0.70 status=pending fallback=saturation_gate target=04:45:41
  [   85] 04:44:48 SKIP forecast — pending unresolved
  [   86] 04:44:55 SKIP forecast — pending unresolved
  [   87] 04:45:02 SKIP forecast — pending unresolved
  [   88] 04:45:09 SKIP forecast — pending unresolved
  [   89] 04:45:16 SKIP forecast — pending unresolved
  [   90] 04:45:22 SKIP forecast — pending unresolved
  [   91] 04:45:30 SKIP forecast — pending unresolved
  [   92] 04:45:36 SKIP forecast — pending unresolved
  [   93] 04:45:44 RESOLVED id=btcusdt-84-1785114881978 act=0.468 c_err=0.038 q_err=0.006 ret=+0.00000
  [   93] 04:45:44 p=65027.5 c=0.504 q=0.467 δ=0.89 status=pending fallback=saturation_gate target=04:46:44
  [   94] 04:45:51 SKIP forecast — pending unresolved
  [   95] 04:45:57 SKIP forecast — pending unresolved
  [   96] 04:46:04 SKIP forecast — pending unresolved
  [   97] 04:46:12 SKIP forecast — pending unresolved
  [   98] 04:46:21 SKIP forecast — pending unresolved
  [   99] 04:46:28 SKIP forecast — pending unresolved
  [  100] 04:46:35 SKIP forecast — pending unresolved
  [  101] 04:46:44 RESOLVED id=btcusdt-93-1785114944007 act=0.463 c_err=0.042 q_err=0.004 ret=+0.00000
  [  101] 04:46:44 p=65019.3 c=0.500 q=0.466 δ=0.88 status=pending fallback=saturation_gate target=04:47:44
  [  102] 04:46:51 SKIP forecast — pending unresolved
  [  103] 04:47:00 SKIP forecast — pending unresolved
  [  104] 04:47:07 SKIP forecast — pending unresolved
  [  105] 04:47:14 SKIP forecast — pending unresolved
  [  106] 04:47:22 SKIP forecast — pending unresolved
  [  107] 04:47:29 SKIP forecast — pending unresolved
  [  108] 04:47:36 SKIP forecast — pending unresolved
  [  109] 04:47:44 RESOLVED id=btcusdt-101-1785115004083 act=0.462 c_err=0.039 q_err=0.004 ret=+0.00000
  [  109] 04:47:44 p=65033.5 c=0.500 q=0.463 δ=0.92 status=pending fallback=saturation_gate target=04:48:44
  [  110] 04:47:51 SKIP forecast — pending unresolved
  [  111] 04:47:58 SKIP forecast — pending unresolved
  [  112] 04:48:05 SKIP forecast — pending unresolved
  [  113] 04:48:13 SKIP forecast — pending unresolved
  [  114] 04:48:21 SKIP forecast — pending unresolved
  [  115] 04:48:28 SKIP forecast — pending unresolved
  [  116] 04:48:36 SKIP forecast — pending unresolved
  [  117] 04:48:44 RESOLVED id=btcusdt-109-1785115064171 act=0.461 c_err=0.039 q_err=0.003 ret=+0.00000
  [  117] 04:48:44 p=65064.2 c=0.499 q=0.461 δ=1.08 status=pending fallback=saturation_gate target=04:49:44
  [  118] 04:48:51 SKIP forecast — pending unresolved
  [  119] 04:48:58 SKIP forecast — pending unresolved
  [  120] 04:49:06 SKIP forecast — pending unresolved
  [  121] 04:49:14 SKIP forecast — pending unresolved
  [  122] 04:49:22 SKIP forecast — pending unresolved
  [  123] 04:49:29 SKIP forecast — pending unresolved
  [  124] 04:49:37 SKIP forecast — pending unresolved
  [  125] 04:49:45 RESOLVED id=btcusdt-117-1785115124274 act=0.464 c_err=0.036 q_err=0.002 ret=+0.00000
  [  125] 04:49:45 p=65063.7 c=0.501 q=0.461 δ=1.10 status=pending fallback=saturation_gate target=04:50:45
  [  126] 04:49:54 SKIP forecast — pending unresolved
  [  127] 04:50:02 SKIP forecast — pending unresolved
  [  128] 04:50:11 SKIP forecast — pending unresolved
  [  129] 04:50:19 SKIP forecast — pending unresolved
  [  130] 04:50:27 SKIP forecast — pending unresolved
  [  131] 04:50:35 SKIP forecast — pending unresolved
  [  132] 04:50:46 RESOLVED id=btcusdt-125-1785115185716 act=0.466 c_err=0.035 q_err=0.005 ret=+0.00000
  [  132] 04:50:46 p=65062.3 c=0.503 q=0.464 δ=1.12 status=pending fallback=saturation_gate target=04:51:46
  [  133] 04:50:53 SKIP forecast — pending unresolved
  [  134] 04:51:01 SKIP forecast — pending unresolved
  [  135] 04:51:09 SKIP forecast — pending unresolved
  [  136] 04:51:17 SKIP forecast — pending unresolved
  [  137] 04:51:25 SKIP forecast — pending unresolved
  [  138] 04:51:32 SKIP forecast — pending unresolved
  [  139] 04:51:43 SKIP forecast — pending unresolved
  [  140] 04:51:53 RESOLVED id=btcusdt-132-1785115246295 act=0.472 c_err=0.030 q_err=0.009 ret=+0.00000
  [  140] 04:51:53 p=65050.9 c=0.509 q=0.467 δ=0.97 status=pending fallback=saturation_gate target=04:52:53
  [  141] 04:52:03 SKIP forecast — pending unresolved
  [  142] 04:52:11 SKIP forecast — pending unresolved
  [  143] 04:52:18 SKIP forecast — pending unresolved
  [  144] 04:52:27 SKIP forecast — pending unresolved
  [  145] 04:52:35 SKIP forecast — pending unresolved
  [  146] 04:52:40 SKIP forecast — pending unresolved
  [  147] 04:52:47 SKIP forecast — pending unresolved
  [  148] 04:52:55 RESOLVED id=btcusdt-140-1785115313016 act=0.474 c_err=0.034 q_err=0.007 ret=+0.00000
  [  148] 04:52:55 p=65056.0 c=0.513 q=0.473 δ=0.90 status=pending fallback=saturation_gate target=04:53:55
  [  149] 04:53:03 SKIP forecast — pending unresolved
  [  150] 04:53:10 SKIP forecast — pending unresolved
  [  151] 04:53:18 SKIP forecast — pending unresolved
  [  152] 04:53:25 SKIP forecast — pending unresolved
  [  153] 04:53:34 SKIP forecast — pending unresolved
  [  154] 04:53:41 SKIP forecast — pending unresolved
  [  155] 04:53:51 SKIP forecast — pending unresolved
  [  156] 04:53:58 RESOLVED id=btcusdt-148-1785115375738 act=0.469 c_err=0.044 q_err=0.005 ret=+0.00000
  [  156] 04:53:58 p=65065.2 c=0.506 q=0.474 δ=1.03 status=pending fallback=saturation_gate target=04:54:58
  [  157] 04:54:06 SKIP forecast — pending unresolved
  [  158] 04:54:13 SKIP forecast — pending unresolved
  [  159] 04:54:20 SKIP forecast — pending unresolved
  [  160] 04:54:27 SKIP forecast — pending unresolved
  [  161] 04:54:35 SKIP forecast — pending unresolved
  [  162] 04:54:43 SKIP forecast — pending unresolved
  [  163] 04:54:50 SKIP forecast — pending unresolved
  [  164] 04:54:57 SKIP forecast — pending unresolved
  [  165] 04:55:05 RESOLVED id=btcusdt-156-1785115438777 act=0.472 c_err=0.034 q_err=0.002 ret=+0.00000
  [  165] 04:55:05 p=65067.4 c=0.508 q=0.471 δ=1.06 status=pending fallback=saturation_gate target=04:56:05
  [  166] 04:55:12 SKIP forecast — pending unresolved
  [  167] 04:55:20 SKIP forecast — pending unresolved
  [  168] 04:55:27 SKIP forecast — pending unresolved
  [  169] 04:55:34 SKIP forecast — pending unresolved
  [  170] 04:55:41 SKIP forecast — pending unresolved

  Signal 15 received, shutting down gracefully...

  Stopped at 2026-07-27 04:55:44
  Collected 171 observations, 19 predictions
  Saved to /home/manjaruhp/Pictures/Autonomous-AI-june2026/Exchange-Q/core/_live_results/btcusdt-quantum-1785114264.json

  FINAL: exploratory only — need at least 30 resolved eligible predictions
  QUANTUM-ONLY LIVE PIPELINE
  symbol=btcusdt  max_resolved=500  max_fetches=unlimited  max_runtime=unlimited
  horizon=60.0s  sample_interval=5.0s  window=15
  output=/home/manjaruhp/Pictures/Autonomous-AI-june2026/Exchange-Q/core/_live_results/btcusdt-quantum-1785115961.json
  database=/home/manjaruhp/Pictures/Autonomous-AI-june2026/Exchange-Q/core/_live_results/btcusdt-quantum-1785115961.sqlite3
  PID=1571876
  Started at 2026-07-27 05:02:41

  [    0] 05:02:45 WARMUP (1/15)
  [    1] 05:02:51 WARMUP (2/15)
  [    2] 05:02:59 WARMUP (3/15)
  [    3] 05:03:07 WARMUP (4/15)
  [    4] 05:03:14 WARMUP (5/15)
  [    5] 05:03:22 WARMUP (6/15)
  [    6] 05:03:29 WARMUP (7/15)
  [    7] 05:03:37 WARMUP (8/15)
  [    8] 05:03:45 WARMUP (9/15)
  [    9] 05:03:52 WARMUP (10/15)
  [   10] 05:04:01 WARMUP (11/15)
  [   11] 05:04:08 WARMUP (12/15)
  [   12] 05:04:17 WARMUP (13/15)
  [   13] 05:04:24 WARMUP (14/15)
  WARMUP complete — creating predictions for horizon=60.0s
  [   14] 05:04:31 p=65061.7 c=0.528 q=0.498 δ=0.85 status=pending fallback=saturation_gate target=05:05:31
  [   15] 05:04:38 SKIP forecast — pending unresolved
  [   16] 05:04:46 SKIP forecast — pending unresolved
  [   17] 05:04:53 SKIP forecast — pending unresolved
  [   18] 05:05:00 SKIP forecast — pending unresolved
  [   19] 05:05:08 SKIP forecast — pending unresolved
  [   20] 05:05:15 SKIP forecast — pending unresolved
  [   21] 05:05:24 SKIP forecast — pending unresolved
  [   22] 05:05:31 SKIP forecast — pending unresolved
  [   23] 05:05:38 RESOLVED id=btcusdt-14-1785116071555 act=0.006 c_err=0.521 q_err=0.492 ret=+0.00000
  [   23] 05:05:38 p=64911.7 c=0.503 q=0.488 δ=0.72 status=pending fallback=saturation_gate target=05:06:38
  [   24] 05:05:45 SKIP forecast — pending unresolved
  [   25] 05:05:52 SKIP forecast — pending unresolved
  [   26] 05:06:01 SKIP forecast — pending unresolved
  [   27] 05:06:09 SKIP forecast — pending unresolved
  [   28] 05:06:17 SKIP forecast — pending unresolved
  [   29] 05:06:24 SKIP forecast — pending unresolved
  [   30] 05:06:31 SKIP forecast — pending unresolved
  [   31] 05:06:39 RESOLVED id=btcusdt-23-1785116138209 act=0.550 c_err=0.047 q_err=0.062 ret=+0.00000
  [   31] 05:06:39 p=64942.4 c=0.511 q=0.476 δ=1.01 status=pending fallback=saturation_gate target=05:07:39
  [   32] 05:06:47 SKIP forecast — pending unresolved
  [   33] 05:06:55 SKIP forecast — pending unresolved
  [   34] 05:07:03 SKIP forecast — pending unresolved
  [   35] 05:07:10 SKIP forecast — pending unresolved
  [   36] 05:07:17 SKIP forecast — pending unresolved
  [   37] 05:07:25 SKIP forecast — pending unresolved
  [   38] 05:07:34 SKIP forecast — pending unresolved
  [   39] 05:07:41 RESOLVED id=btcusdt-31-1785116199831 act=0.622 c_err=0.110 q_err=0.146 ret=+0.00000
  [   39] 05:07:41 p=64981.2 c=0.515 q=0.478 δ=1.09 status=pending fallback=saturation_gate target=05:08:41
  [   40] 05:07:48 SKIP forecast — pending unresolved
  [   41] 05:07:56 SKIP forecast — pending unresolved
  [   42] 05:08:03 SKIP forecast — pending unresolved
  [   43] 05:08:12 SKIP forecast — pending unresolved
  [   44] 05:08:21 SKIP forecast — pending unresolved
  [   45] 05:08:28 SKIP forecast — pending unresolved
  [   46] 05:08:37 SKIP forecast — pending unresolved
  [   47] 05:08:44 RESOLVED id=btcusdt-39-1785116261638 act=1.000 c_err=0.485 q_err=0.522 ret=+0.00000
  [   47] 05:08:44 p=65030.1 c=0.520 q=0.483 δ=1.17 status=pending fallback=saturation_gate target=05:09:44
  [   48] 05:08:53 SKIP forecast — pending unresolved
  [   49] 05:09:00 SKIP forecast — pending unresolved
  [   50] 05:09:08 SKIP forecast — pending unresolved
  [   51] 05:09:15 SKIP forecast — pending unresolved
  [   52] 05:09:22 SKIP forecast — pending unresolved
  [   53] 05:09:29 SKIP forecast — pending unresolved
  [   54] 05:09:36 SKIP forecast — pending unresolved
  [   55] 05:09:43 SKIP forecast — pending unresolved
  [   56] 05:09:50 RESOLVED id=btcusdt-47-1785116324478 act=0.944 c_err=0.424 q_err=0.462 ret=+0.00000
  [   56] 05:09:50 p=65086.0 c=0.524 q=0.489 δ=1.17 status=pending fallback=saturation_gate target=05:10:50
  [   57] 05:09:58 SKIP forecast — pending unresolved
  [   58] 05:10:05 SKIP forecast — pending unresolved
  [   59] 05:10:13 SKIP forecast — pending unresolved
  [   60] 05:10:20 SKIP forecast — pending unresolved
  [   61] 05:10:27 SKIP forecast — pending unresolved
  [   62] 05:10:35 SKIP forecast — pending unresolved
  [   63] 05:10:42 SKIP forecast — pending unresolved
  [   64] 05:10:48 SKIP forecast — pending unresolved
  [   65] 05:10:55 RESOLVED id=btcusdt-56-1785116390850 act=0.449 c_err=0.075 q_err=0.040 ret=+0.00000
  [   65] 05:10:55 p=65105.9 c=0.521 q=0.490 δ=1.14 status=pending fallback=saturation_gate target=05:11:55
  [   66] 05:11:02 SKIP forecast — pending unresolved
  [   67] 05:11:08 SKIP forecast — pending unresolved
  [   68] 05:11:14 SKIP forecast — pending unresolved
  [   69] 05:11:21 SKIP forecast — pending unresolved
  [   70] 05:11:28 SKIP forecast — pending unresolved
  [   71] 05:11:34 SKIP forecast — pending unresolved
  [   72] 05:11:40 SKIP forecast — pending unresolved
  [   73] 05:11:47 SKIP forecast — pending unresolved
  [   74] 05:11:54 SKIP forecast — pending unresolved
  [   75] 05:12:01 RESOLVED id=btcusdt-65-1785116455841 act=0.300 c_err=0.221 q_err=0.190 ret=+0.00000
  [   75] 05:12:01 p=65120.2 c=0.518 q=0.487 δ=0.90 status=pending fallback=saturation_gate target=05:13:01
  [   76] 05:12:08 SKIP forecast — pending unresolved
  [   77] 05:12:14 SKIP forecast — pending unresolved
  [   78] 05:12:21 SKIP forecast — pending unresolved
  [   79] 05:12:27 SKIP forecast — pending unresolved
  [   80] 05:12:34 SKIP forecast — pending unresolved
  [   81] 05:12:40 SKIP forecast — pending unresolved
  [   82] 05:12:47 SKIP forecast — pending unresolved
  [   83] 05:12:54 SKIP forecast — pending unresolved
  [   84] 05:13:00 SKIP forecast — pending unresolved
  [   85] 05:13:07 RESOLVED id=btcusdt-75-1785116521501 act=0.648 c_err=0.130 q_err=0.161 ret=+0.00000
  [   85] 05:13:07 p=65099.5 c=0.508 q=0.481 δ=1.07 status=pending fallback=saturation_gate target=05:14:07
  [   86] 05:13:14 SKIP forecast — pending unresolved
  [   87] 05:13:20 SKIP forecast — pending unresolved
  [   88] 05:13:27 SKIP forecast — pending unresolved
  [   89] 05:13:33 SKIP forecast — pending unresolved
  [   90] 05:13:40 SKIP forecast — pending unresolved
  [   91] 05:13:47 SKIP forecast — pending unresolved
  [   92] 05:13:54 SKIP forecast — pending unresolved
  [   93] 05:14:01 SKIP forecast — pending unresolved
  [   94] 05:14:07 SKIP forecast — pending unresolved
  [   95] 05:14:13 RESOLVED id=btcusdt-85-1785116587517 act=0.136 c_err=0.372 q_err=0.345 ret=+0.00000
  [   95] 05:14:13 p=65083.0 c=0.510 q=0.478 δ=0.85 status=pending fallback=saturation_gate target=05:15:13
  [   96] 05:14:19 SKIP forecast — pending unresolved
  [   97] 05:14:26 SKIP forecast — pending unresolved
  [   98] 05:14:33 SKIP forecast — pending unresolved
  [   99] 05:14:40 SKIP forecast — pending unresolved
  [  100] 05:14:46 SKIP forecast — pending unresolved
  [  101] 05:14:53 SKIP forecast — pending unresolved
  [  102] 05:15:00 SKIP forecast — pending unresolved
  [  103] 05:15:07 SKIP forecast — pending unresolved
  [  104] 05:15:13 RESOLVED id=btcusdt-95-1785116653590 act=0.474 c_err=0.036 q_err=0.004 ret=+0.00000
  [  104] 05:15:13 p=65089.5 c=0.510 q=0.475 δ=0.84 status=pending fallback=saturation_gate target=05:16:13
  [  105] 05:15:20 SKIP forecast — pending unresolved
  [  106] 05:15:26 SKIP forecast — pending unresolved
  [  107] 05:15:33 SKIP forecast — pending unresolved
  [  108] 05:15:40 SKIP forecast — pending unresolved
  [  109] 05:15:47 SKIP forecast — pending unresolved
  [  110] 05:15:53 SKIP forecast — pending unresolved
  [  111] 05:16:00 SKIP forecast — pending unresolved
  [  112] 05:16:06 SKIP forecast — pending unresolved
  [  113] 05:16:13 SKIP forecast — pending unresolved
  [  114] 05:16:20 RESOLVED id=btcusdt-104-1785116713788 act=0.667 c_err=0.157 q_err=0.192 ret=+0.00000
  [  114] 05:16:20 p=65122.8 c=0.509 q=0.474 δ=0.98 status=pending fallback=saturation_gate target=05:17:20
  [  115] 05:16:27 SKIP forecast — pending unresolved
  [  116] 05:16:34 SKIP forecast — pending unresolved
  [  117] 05:16:40 SKIP forecast — pending unresolved
  [  118] 05:16:47 SKIP forecast — pending unresolved
  [  119] 05:16:55 SKIP forecast — pending unresolved
  [  120] 05:17:02 SKIP forecast — pending unresolved
  [  121] 05:17:08 SKIP forecast — pending unresolved
  [  122] 05:17:15 SKIP forecast — pending unresolved
  [  123] 05:17:21 RESOLVED id=btcusdt-114-1785116780604 act=0.941 c_err=0.432 q_err=0.467 ret=+0.00000
  [  123] 05:17:21 p=65140.0 c=0.522 q=0.478 δ=0.97 status=pending fallback=saturation_gate target=05:18:21
  [  124] 05:17:28 SKIP forecast — pending unresolved
  [  125] 05:17:34 SKIP forecast — pending unresolved
  [  126] 05:17:40 SKIP forecast — pending unresolved
  [  127] 05:17:47 SKIP forecast — pending unresolved
  [  128] 05:17:54 SKIP forecast — pending unresolved
  [  129] 05:18:00 SKIP forecast — pending unresolved
  [  130] 05:18:07 SKIP forecast — pending unresolved
  [  131] 05:18:14 SKIP forecast — pending unresolved
  [  132] 05:18:20 SKIP forecast — pending unresolved
  [  133] 05:18:26 RESOLVED id=btcusdt-123-1785116841371 act=0.750 c_err=0.228 q_err=0.272 ret=+0.00000
  [  133] 05:18:26 p=65140.0 c=0.525 q=0.614 δ=1.30 status=pending fallback=none target=05:19:26
  [  134] 05:18:33 SKIP forecast — pending unresolved
  [  135] 05:18:40 SKIP forecast — pending unresolved
  [  136] 05:18:46 SKIP forecast — pending unresolved
  [  137] 05:18:54 SKIP forecast — pending unresolved
  [  138] 05:19:01 SKIP forecast — pending unresolved

  Signal 15 received, shutting down gracefully...

  Signal 15 received, shutting down gracefully...
  [  139] 05:19:08 SKIP forecast — pending unresolved

  Stopped at 2026-07-27 05:19:08
  Collected 140 observations, 14 predictions
  Saved to /home/manjaruhp/Pictures/Autonomous-AI-june2026/Exchange-Q/core/_live_results/btcusdt-quantum-1785115961.json

  FINAL: resolved=12; exploratory only — suppressing win/loss summary until n>=30

  FINAL: exploratory only — need at least 30 resolved eligible predictions
  QUANTUM-ONLY LIVE PIPELINE
  symbol=btcusdt  max_resolved=500  max_fetches=unlimited  max_runtime=unlimited
  horizon=60.0s  sample_interval=5.0s  window=15
  output=/home/manjaruhp/Pictures/Autonomous-AI-june2026/Exchange-Q/core/_live_results/btcusdt-quantum-1785116954.json
  database=/home/manjaruhp/Pictures/Autonomous-AI-june2026/Exchange-Q/core/_live_results/btcusdt-quantum-1785116954.sqlite3
  PID=1576223
  Started at 2026-07-27 05:19:14

  [    0] 05:19:15 WARMUP (1/15)
  [    1] 05:19:22 WARMUP (2/15)
  [    2] 05:19:29 WARMUP (3/15)
  [    3] 05:19:36 WARMUP (4/15)
  [    4] 05:19:43 WARMUP (5/15)
  [    5] 05:19:50 WARMUP (6/15)
  [    6] 05:19:56 WARMUP (7/15)
  [    7] 05:20:03 WARMUP (8/15)
  [    8] 05:20:10 WARMUP (9/15)
  [    9] 05:20:18 WARMUP (10/15)
  [   10] 05:20:25 WARMUP (11/15)
  [   11] 05:20:32 WARMUP (12/15)
  [   12] 05:20:38 WARMUP (13/15)
  [   13] 05:20:45 WARMUP (14/15)
  WARMUP complete — creating predictions for horizon=60.0s
  [   14] 05:20:52 p=65155.1 c=0.441 q=0.767 δ=1.44 status=pending fallback=none target=05:21:52
  [   15] 05:20:59 SKIP forecast — pending unresolved
  [   16] 05:21:06 SKIP forecast — pending unresolved
  [   17] 05:21:13 SKIP forecast — pending unresolved
  [   18] 05:21:20 SKIP forecast — pending unresolved
  [   19] 05:21:27 SKIP forecast — pending unresolved
  [   20] 05:21:33 SKIP forecast — pending unresolved
  [   21] 05:21:40 SKIP forecast — pending unresolved
  [   22] 05:21:46 SKIP forecast — pending unresolved
  [   23] 05:21:53 RESOLVED id=btcusdt-14-1785117052332 act=0.628 c_err=0.187 q_err=0.140 ret=-0.00165
  [   23] 05:21:53 p=65178.0 c=0.447 q=0.517 δ=1.31 status=pending fallback=none target=05:22:53
  [   24] 05:22:00 SKIP forecast — pending unresolved
  [   25] 05:22:07 SKIP forecast — pending unresolved
  [   26] 05:22:14 SKIP forecast — pending unresolved
  [   27] 05:22:20 SKIP forecast — pending unresolved
  [   28] 05:22:27 SKIP forecast — pending unresolved
  [   29] 05:22:33 SKIP forecast — pending unresolved
  [   30] 05:22:40 SKIP forecast — pending unresolved
  [   31] 05:22:47 SKIP forecast — pending unresolved
  [   32] 05:22:54 RESOLVED id=btcusdt-23-1785117113372 act=0.333 c_err=0.114 q_err=0.183 ret=+0.00000
  [   32] 05:22:54 p=65159.0 c=0.479 q=0.495 δ=1.13 status=pending fallback=saturation_gate target=05:23:54
  [   33] 05:23:01 SKIP forecast — pending unresolved
  [   34] 05:23:07 SKIP forecast — pending unresolved
  [   35] 05:23:14 SKIP forecast — pending unresolved
  [   36] 05:23:21 SKIP forecast — pending unresolved
  [   37] 05:23:28 SKIP forecast — pending unresolved
  [   38] 05:23:34 SKIP forecast — pending unresolved
  [   39] 05:23:42 SKIP forecast — pending unresolved
  [   40] 05:23:49 SKIP forecast — pending unresolved
  [   41] 05:23:55 RESOLVED id=btcusdt-32-1785117174605 act=0.000 c_err=0.479 q_err=0.495 ret=+0.00000
  [   41] 05:23:55 p=65164.2 c=0.232 q=0.375 δ=1.06 status=pending fallback=none target=05:24:55
  [   42] 05:24:02 SKIP forecast — pending unresolved
  [   43] 05:24:08 SKIP forecast — pending unresolved
  [   44] 05:24:15 SKIP forecast — pending unresolved
  [   45] 05:24:21 SKIP forecast — pending unresolved
  [   46] 05:24:28 SKIP forecast — pending unresolved
  [   47] 05:24:34 SKIP forecast — pending unresolved
  [   48] 05:24:40 SKIP forecast — pending unresolved
  [   49] 05:24:47 SKIP forecast — pending unresolved
  [   50] 05:24:54 SKIP forecast — pending unresolved
  [   51] 05:25:01 RESOLVED id=btcusdt-41-1785117235838 act=0.200 c_err=0.032 q_err=0.175 ret=+0.00000
  [   51] 05:25:01 p=65149.6 c=0.291 q=0.190 δ=1.14 status=pending fallback=none target=05:26:01
  [   52] 05:25:07 SKIP forecast — pending unresolved
  [   53] 05:25:14 SKIP forecast — pending unresolved
  [   54] 05:25:21 SKIP forecast — pending unresolved
  [   55] 05:25:28 SKIP forecast — pending unresolved
  [   56] 05:25:35 SKIP forecast — pending unresolved
  [   57] 05:25:41 SKIP forecast — pending unresolved
  [   58] 05:25:48 SKIP forecast — pending unresolved
  [   59] 05:25:55 SKIP forecast — pending unresolved
  [   60] 05:26:01 RESOLVED id=btcusdt-51-1785117301290 act=0.963 c_err=0.672 q_err=0.773 ret=+0.00000
  [   60] 05:26:01 p=65188.0 c=0.827 q=0.693 δ=1.32 status=pending fallback=none target=05:27:01
  [   61] 05:26:08 SKIP forecast — pending unresolved
  [   62] 05:26:15 SKIP forecast — pending unresolved
  [   63] 05:26:21 SKIP forecast — pending unresolved
  [   64] 05:26:28 SKIP forecast — pending unresolved
  [   65] 05:26:35 SKIP forecast — pending unresolved
  [   66] 05:26:42 SKIP forecast — pending unresolved
  [   67] 05:26:49 SKIP forecast — pending unresolved
  [   68] 05:26:57 SKIP forecast — pending unresolved
  [   69] 05:27:03 RESOLVED id=btcusdt-60-1785117361864 act=1.000 c_err=0.173 q_err=0.307 ret=-0.00174
  [   69] 05:27:03 p=65205.4 c=0.927 q=0.928 δ=1.44 status=pending fallback=saturation_gate target=05:28:03
  [   70] 05:27:11 SKIP forecast — pending unresolved
  [   71] 05:27:17 SKIP forecast — pending unresolved
  [   72] 05:27:24 SKIP forecast — pending unresolved
  [   73] 05:27:31 SKIP forecast — pending unresolved
  [   74] 05:27:38 SKIP forecast — pending unresolved
  [   75] 05:27:44 SKIP forecast — pending unresolved
  [   76] 05:27:51 SKIP forecast — pending unresolved
  [   77] 05:27:57 SKIP forecast — pending unresolved
  [   78] 05:28:03 SKIP forecast — pending unresolved
  [   79] 05:28:10 RESOLVED id=btcusdt-69-1785117423885 act=0.000 c_err=0.927 q_err=0.928 ret=-0.00201
  [   79] 05:28:10 p=65204.7 c=0.364 q=0.733 δ=1.30 status=pending fallback=saturation_gate target=05:29:10
  [   80] 05:28:17 SKIP forecast — pending unresolved
  [   81] 05:28:23 SKIP forecast — pending unresolved
  [   82] 05:28:30 SKIP forecast — pending unresolved
  [   83] 05:28:36 SKIP forecast — pending unresolved
  [   84] 05:28:43 SKIP forecast — pending unresolved
  [   85] 05:28:50 SKIP forecast — pending unresolved
  [   86] 05:28:58 SKIP forecast — pending unresolved
  [   87] 05:29:04 SKIP forecast — pending unresolved
  [   88] 05:29:11 RESOLVED id=btcusdt-79-1785117490822 act=0.426 c_err=0.062 q_err=0.307 ret=-0.00223
  [   88] 05:29:11 p=65190.1 c=0.412 q=0.411 δ=1.18 status=pending fallback=none target=05:30:11
  [   89] 05:29:18 SKIP forecast — pending unresolved
  [   90] 05:29:25 SKIP forecast — pending unresolved
  [   91] 05:29:32 SKIP forecast — pending unresolved
  [   92] 05:29:39 SKIP forecast — pending unresolved
  [   93] 05:29:46 SKIP forecast — pending unresolved
  [   94] 05:29:53 SKIP forecast — pending unresolved
  [   95] 05:30:00 SKIP forecast — pending unresolved
  [   96] 05:30:06 SKIP forecast — pending unresolved
  [   97] 05:30:12 RESOLVED id=btcusdt-88-1785117551777 act=0.583 c_err=0.171 q_err=0.173 ret=+0.00000
  [   97] 05:30:12 p=65210.4 c=0.568 q=0.469 δ=1.03 status=pending fallback=saturation_gate target=05:31:12
  [   98] 05:30:19 SKIP forecast — pending unresolved
  [   99] 05:30:26 SKIP forecast — pending unresolved
  [  100] 05:30:32 SKIP forecast — pending unresolved
  [  101] 05:30:39 SKIP forecast — pending unresolved
  [  102] 05:30:45 SKIP forecast — pending unresolved
  [  103] 05:30:52 SKIP forecast — pending unresolved
  [  104] 05:30:58 SKIP forecast — pending unresolved
  [  105] 05:31:04 SKIP forecast — pending unresolved
  [  106] 05:31:11 SKIP forecast — pending unresolved
  [  107] 05:31:18 RESOLVED id=btcusdt-97-1785117612563 act=0.053 c_err=0.516 q_err=0.416 ret=+0.00000
  [  107] 05:31:18 p=65183.5 c=0.254 q=0.386 δ=0.82 status=pending fallback=saturation_gate target=05:32:18
  [  108] 05:31:24 SKIP forecast — pending unresolved
  [  109] 05:31:30 SKIP forecast — pending unresolved
  [  110] 05:31:37 SKIP forecast — pending unresolved
  [  111] 05:31:43 SKIP forecast — pending unresolved
  [  112] 05:31:50 SKIP forecast — pending unresolved
  [  113] 05:31:57 SKIP forecast — pending unresolved
  [  114] 05:32:03 SKIP forecast — pending unresolved
  [  115] 05:32:10 SKIP forecast — pending unresolved
  [  116] 05:32:16 SKIP forecast — pending unresolved
  [  117] 05:32:23 RESOLVED id=btcusdt-107-1785117678035 act=0.571 c_err=0.318 q_err=0.185 ret=+0.00000
  [  117] 05:32:23 p=65205.4 c=0.624 q=0.370 δ=1.03 status=pending fallback=saturation_gate target=05:33:23
  [  118] 05:32:30 SKIP forecast — pending unresolved
  [  119] 05:32:37 SKIP forecast — pending unresolved
  [  120] 05:32:43 SKIP forecast — pending unresolved
  [  121] 05:32:50 SKIP forecast — pending unresolved
  [  122] 05:32:58 SKIP forecast — pending unresolved
  [  123] 05:33:04 SKIP forecast — pending unresolved
  [  124] 05:33:11 SKIP forecast — pending unresolved
  [  125] 05:33:17 SKIP forecast — pending unresolved
  [  126] 05:33:23 SKIP forecast — pending unresolved
  [  127] 05:33:30 RESOLVED id=btcusdt-117-1785117743793 act=0.381 c_err=0.243 q_err=0.011 ret=+0.00000
  [  127] 05:33:30 p=65179.9 c=0.508 q=0.499 δ=0.88 status=pending fallback=saturation_gate target=05:34:30
  [  128] 05:33:36 SKIP forecast — pending unresolved
  [  129] 05:33:43 SKIP forecast — pending unresolved
  [  130] 05:33:49 SKIP forecast — pending unresolved
  [  131] 05:33:56 SKIP forecast — pending unresolved
  [  132] 05:34:03 SKIP forecast — pending unresolved
  [  133] 05:34:10 SKIP forecast — pending unresolved
  [  134] 05:34:16 SKIP forecast — pending unresolved
  [  135] 05:34:23 SKIP forecast — pending unresolved
  [  136] 05:34:30 RESOLVED id=btcusdt-127-1785117810173 act=0.632 c_err=0.123 q_err=0.133 ret=+0.00000
  [  136] 05:34:30 p=65197.3 c=0.628 q=0.463 δ=0.84 status=pending fallback=saturation_gate target=05:35:30
  [  137] 05:34:37 SKIP forecast — pending unresolved
  [  138] 05:34:43 SKIP forecast — pending unresolved
  [  139] 05:34:50 SKIP forecast — pending unresolved
  [  140] 05:34:57 SKIP forecast — pending unresolved
  [  141] 05:35:03 SKIP forecast — pending unresolved
  [  142] 05:35:10 SKIP forecast — pending unresolved
  [  143] 05:35:16 SKIP forecast — pending unresolved
  [  144] 05:35:23 SKIP forecast — pending unresolved
  [  145] 05:35:29 SKIP forecast — pending unresolved
  [  146] 05:35:36 RESOLVED id=btcusdt-136-1785117870679 act=0.696 c_err=0.068 q_err=0.233 ret=+0.00000
  [  146] 05:35:36 p=65191.3 c=0.730 q=0.591 δ=0.91 status=pending fallback=saturation_gate target=05:36:36
  [  147] 05:35:44 SKIP forecast — pending unresolved
  [  148] 05:35:50 SKIP forecast — pending unresolved
  [  149] 05:35:57 SKIP forecast — pending unresolved
  [  150] 05:36:04 SKIP forecast — pending unresolved
  [  151] 05:36:10 SKIP forecast — pending unresolved
  [  152] 05:36:16 SKIP forecast — pending unresolved
  [  153] 05:36:23 SKIP forecast — pending unresolved
  [  154] 05:36:30 SKIP forecast — pending unresolved
  [  155] 05:36:37 RESOLVED id=btcusdt-146-1785117936821 act=0.000 c_err=0.730 q_err=0.591 ret=+0.00000
  [  155] 05:36:37 p=65178.5 c=0.294 q=0.511 δ=0.84 status=pending fallback=saturation_gate target=05:37:37
  [  156] 05:36:43 SKIP forecast — pending unresolved
  [  157] 05:36:50 SKIP forecast — pending unresolved
  [  158] 05:36:57 SKIP forecast — pending unresolved
  [  159] 05:37:03 SKIP forecast — pending unresolved
  [  160] 05:37:10 SKIP forecast — pending unresolved
  [  161] 05:37:17 SKIP forecast — pending unresolved
  [  162] 05:37:23 SKIP forecast — pending unresolved
  [  163] 05:37:30 SKIP forecast — pending unresolved
  [  164] 05:37:37 RESOLVED id=btcusdt-155-1785117997095 act=0.500 c_err=0.206 q_err=0.011 ret=+0.00000
  [  164] 05:37:37 p=65174.4 c=0.357 q=0.159 δ=0.92 status=pending fallback=none target=05:38:37
  [  165] 05:37:43 SKIP forecast — pending unresolved
  [  166] 05:37:50 SKIP forecast — pending unresolved
  [  167] 05:37:57 SKIP forecast — pending unresolved
  [  168] 05:38:04 SKIP forecast — pending unresolved
  [  169] 05:38:10 SKIP forecast — pending unresolved
  [  170] 05:38:17 SKIP forecast — pending unresolved
  [  171] 05:38:24 SKIP forecast — pending unresolved
  [  172] 05:38:30 SKIP forecast — pending unresolved
  [  173] 05:38:36 SKIP forecast — pending unresolved
  [  174] 05:38:44 RESOLVED id=btcusdt-164-1785118057552 act=0.500 c_err=0.143 q_err=0.341 ret=+0.00000
  [  174] 05:38:44 p=65185.0 c=0.542 q=0.419 δ=1.10 status=pending fallback=saturation_gate target=05:39:44
  [  175] 05:38:50 SKIP forecast — pending unresolved
  [  176] 05:38:59 SKIP forecast — pending unresolved
  [  177] 05:39:05 SKIP forecast — pending unresolved
  [  178] 05:39:12 SKIP forecast — pending unresolved
  [  179] 05:39:19 SKIP forecast — pending unresolved
  [  180] 05:39:25 SKIP forecast — pending unresolved
  [  181] 05:39:32 SKIP forecast — pending unresolved
  [  182] 05:39:39 SKIP forecast — pending unresolved
  [  183] 05:39:46 RESOLVED id=btcusdt-174-1785118124470 act=0.800 c_err=0.258 q_err=0.381 ret=+0.00000
  [  183] 05:39:46 p=65217.9 c=0.672 q=0.547 δ=1.03 status=pending fallback=saturation_gate target=05:40:46
  [  184] 05:39:52 SKIP forecast — pending unresolved
  [  185] 05:39:59 SKIP forecast — pending unresolved
  [  186] 05:40:06 SKIP forecast — pending unresolved
  [  187] 05:40:12 SKIP forecast — pending unresolved
  [  188] 05:40:19 SKIP forecast — pending unresolved
  [  189] 05:40:26 SKIP forecast — pending unresolved
  [  190] 05:40:33 SKIP forecast — pending unresolved
  [  191] 05:40:39 SKIP forecast — pending unresolved
  [  192] 05:40:46 RESOLVED id=btcusdt-183-1785118186155 act=0.062 c_err=0.610 q_err=0.485 ret=+0.00000
  [  192] 05:40:46 p=65184.9 c=0.283 q=0.530 δ=1.01 status=pending fallback=saturation_gate target=05:41:46
  [  193] 05:40:52 SKIP forecast — pending unresolved
  [  194] 05:40:59 SKIP forecast — pending unresolved
  [  195] 05:41:06 SKIP forecast — pending unresolved
  [  196] 05:41:12 SKIP forecast — pending unresolved
  [  197] 05:41:19 SKIP forecast — pending unresolved
  [  198] 05:41:25 SKIP forecast — pending unresolved
  [  199] 05:41:32 SKIP forecast — pending unresolved
  [  200] 05:41:39 SKIP forecast — pending unresolved
  [  201] 05:41:46 RESOLVED id=btcusdt-192-1785118246230 act=0.867 c_err=0.584 q_err=0.337 ret=+0.00000
  [  201] 05:41:46 p=65215.1 c=0.580 q=0.334 δ=1.06 status=pending fallback=saturation_gate target=05:42:46
  [  202] 05:41:52 SKIP forecast — pending unresolved
  [  203] 05:41:59 SKIP forecast — pending unresolved
  [  204] 05:42:05 SKIP forecast — pending unresolved
  [  205] 05:42:11 SKIP forecast — pending unresolved
  [  206] 05:42:18 SKIP forecast — pending unresolved
  [  207] 05:42:24 SKIP forecast — pending unresolved
  [  208] 05:42:31 SKIP forecast — pending unresolved
  [  209] 05:42:37 SKIP forecast — pending unresolved
  [  210] 05:42:44 SKIP forecast — pending unresolved
  [  211] 05:42:51 RESOLVED id=btcusdt-201-1785118306335 act=0.267 c_err=0.313 q_err=0.067 ret=+0.00000
  [  211] 05:42:51 p=65202.2 c=0.429 q=0.528 δ=1.19 status=pending fallback=saturation_gate target=05:43:51
  [  212] 05:42:58 SKIP forecast — pending unresolved
  [  213] 05:43:04 SKIP forecast — pending unresolved
  [  214] 05:43:11 SKIP forecast — pending unresolved
  [  215] 05:43:18 SKIP forecast — pending unresolved
  [  216] 05:43:25 SKIP forecast — pending unresolved
  [  217] 05:43:31 SKIP forecast — pending unresolved
  [  218] 05:43:38 SKIP forecast — pending unresolved
  [  219] 05:43:44 SKIP forecast — pending unresolved
  [  220] 05:43:50 SKIP forecast — pending unresolved
  [  221] 05:43:57 RESOLVED id=btcusdt-211-1785118371757 act=0.875 c_err=0.446 q_err=0.347 ret=+0.00000
  [  221] 05:43:57 p=65212.7 c=0.695 q=0.516 δ=0.86 status=pending fallback=saturation_gate target=05:44:57
  [  222] 05:44:04 SKIP forecast — pending unresolved
  [  223] 05:44:11 SKIP forecast — pending unresolved
  [  224] 05:44:17 SKIP forecast — pending unresolved
  [  225] 05:44:23 SKIP forecast — pending unresolved
  [  226] 05:44:30 SKIP forecast — pending unresolved
  [  227] 05:44:36 SKIP forecast — pending unresolved
  [  228] 05:44:43 SKIP forecast — pending unresolved
  [  229] 05:44:49 SKIP forecast — pending unresolved
  [  230] 05:44:56 SKIP forecast — pending unresolved
  [  231] 05:45:02 RESOLVED id=btcusdt-221-1785118437410 act=0.000 c_err=0.695 q_err=0.516 ret=+0.00000
  [  231] 05:45:02 p=65202.9 c=0.275 q=0.488 δ=0.94 status=pending fallback=saturation_gate target=05:46:02
  [  232] 05:45:09 SKIP forecast — pending unresolved
  [  233] 05:45:16 SKIP forecast — pending unresolved
  [  234] 05:45:22 SKIP forecast — pending unresolved
  [  235] 05:45:29 SKIP forecast — pending unresolved
  [  236] 05:45:35 SKIP forecast — pending unresolved
  [  237] 05:45:42 SKIP forecast — pending unresolved
  [  238] 05:45:49 SKIP forecast — pending unresolved
  [  239] 05:45:55 SKIP forecast — pending unresolved
  [  240] 05:46:02 SKIP forecast — pending unresolved
  [  241] 05:46:08 RESOLVED id=btcusdt-231-1785118502509 act=0.000 c_err=0.275 q_err=0.488 ret=+0.00000
  [  241] 05:46:08 p=65187.4 c=0.127 q=0.092 δ=0.81 status=pending fallback=none target=05:47:08
  [  242] 05:46:15 SKIP forecast — pending unresolved
  [  243] 05:46:22 SKIP forecast — pending unresolved
  [  244] 05:46:29 SKIP forecast — pending unresolved
  [  245] 05:46:36 SKIP forecast — pending unresolved
  [  246] 05:46:42 SKIP forecast — pending unresolved
  [  247] 05:46:49 SKIP forecast — pending unresolved
  [  248] 05:46:56 SKIP forecast — pending unresolved
  [  249] 05:47:03 SKIP forecast — pending unresolved
  [  250] 05:47:09 RESOLVED id=btcusdt-241-1785118568580 act=0.500 c_err=0.373 q_err=0.408 ret=+0.00000
  [  250] 05:47:09 p=65181.5 c=0.452 q=0.283 δ=0.83 status=pending fallback=saturation_gate target=05:48:09
  [  251] 05:47:16 SKIP forecast — pending unresolved
  [  252] 05:47:22 SKIP forecast — pending unresolved
  [  253] 05:47:29 SKIP forecast — pending unresolved
  [  254] 05:47:35 SKIP forecast — pending unresolved
  [  255] 05:47:41 SKIP forecast — pending unresolved
  [  256] 05:47:48 SKIP forecast — pending unresolved
  [  257] 05:47:54 SKIP forecast — pending unresolved
  [  258] 05:48:01 SKIP forecast — pending unresolved
  [  259] 05:48:08 SKIP forecast — pending unresolved
  [  260] 05:48:14 RESOLVED id=btcusdt-250-1785118629933 act=0.273 c_err=0.180 q_err=0.010 ret=+0.00000
  [  260] 05:48:14 p=65193.8 c=0.452 q=0.431 δ=1.15 status=pending fallback=saturation_gate target=05:49:14
  [  261] 05:48:21 SKIP forecast — pending unresolved
  [  262] 05:48:27 SKIP forecast — pending unresolved
  [  263] 05:48:34 SKIP forecast — pending unresolved
  [  264] 05:48:41 SKIP forecast — pending unresolved
  [  265] 05:48:47 SKIP forecast — pending unresolved
  [  266] 05:48:54 SKIP forecast — pending unresolved
  [  267] 05:49:01 SKIP forecast — pending unresolved
  [  268] 05:49:08 SKIP forecast — pending unresolved
  [  269] 05:49:15 RESOLVED id=btcusdt-260-1785118694555 act=0.000 c_err=0.452 q_err=0.431 ret=+0.00000
  [  269] 05:49:15 p=65185.8 c=0.223 q=0.451 δ=1.09 status=pending fallback=none target=05:50:15
  [  270] 05:49:21 SKIP forecast — pending unresolved
  [  271] 05:49:28 SKIP forecast — pending unresolved
  [  272] 05:49:35 SKIP forecast — pending unresolved
  [  273] 05:49:41 SKIP forecast — pending unresolved
  [  274] 05:49:48 SKIP forecast — pending unresolved
  [  275] 05:49:55 SKIP forecast — pending unresolved
  [  276] 05:50:02 SKIP forecast — pending unresolved
  [  277] 05:50:09 SKIP forecast — pending unresolved
  [  278] 05:50:16 RESOLVED id=btcusdt-269-1785118755073 act=1.000 c_err=0.777 q_err=0.549 ret=+0.00000
  [  278] 05:50:16 p=65219.9 c=0.668 q=0.427 δ=0.73 status=pending fallback=saturation_gate target=05:51:16
  [  279] 05:50:22 SKIP forecast — pending unresolved
  [  280] 05:50:29 SKIP forecast — pending unresolved
  [  281] 05:50:36 SKIP forecast — pending unresolved
  [  282] 05:50:43 SKIP forecast — pending unresolved
  [  283] 05:50:50 SKIP forecast — pending unresolved
  [  284] 05:50:56 SKIP forecast — pending unresolved
  [  285] 05:51:04 SKIP forecast — pending unresolved
  [  286] 05:51:11 SKIP forecast — pending unresolved
  [  287] 05:51:17 RESOLVED id=btcusdt-278-1785118816269 act=0.574 c_err=0.094 q_err=0.147 ret=+0.00000
  [  287] 05:51:17 p=65198.3 c=0.542 q=0.630 δ=1.03 status=pending fallback=saturation_gate target=05:52:17
  [  288] 05:51:23 SKIP forecast — pending unresolved
  [  289] 05:51:30 SKIP forecast — pending unresolved
  [  290] 05:51:37 SKIP forecast — pending unresolved
  [  291] 05:51:43 SKIP forecast — pending unresolved
  [  292] 05:51:50 SKIP forecast — pending unresolved
  [  293] 05:51:57 SKIP forecast — pending unresolved
  [  294] 05:52:03 SKIP forecast — pending unresolved
  [  295] 05:52:09 SKIP forecast — pending unresolved
  [  296] 05:52:16 SKIP forecast — pending unresolved
  [  297] 05:52:22 RESOLVED id=btcusdt-287-1785118877419 act=0.125 c_err=0.417 q_err=0.505 ret=-0.00205
  [  297] 05:52:22 p=65195.3 c=0.460 q=0.451 δ=1.04 status=pending fallback=saturation_gate target=05:53:22
  [  298] 05:52:29 SKIP forecast — pending unresolved
  [  299] 05:52:36 SKIP forecast — pending unresolved
  [  300] 05:52:42 SKIP forecast — pending unresolved
  [  301] 05:52:49 SKIP forecast — pending unresolved
  [  302] 05:52:56 SKIP forecast — pending unresolved
  [  303] 05:53:04 SKIP forecast — pending unresolved
  [  304] 05:53:10 SKIP forecast — pending unresolved
  [  305] 05:53:17 SKIP forecast — pending unresolved
  [  306] 05:53:24 RESOLVED id=btcusdt-297-1785118942728 act=0.696 c_err=0.236 q_err=0.245 ret=+0.00000
         --- resolved 30: quantum wins 13/30 (43%) trades=5 avg_ret=-0.00193
  [  306] 05:53:24 p=65198.7 c=0.610 q=0.403 δ=1.10 status=pending fallback=saturation_gate target=05:54:24
  [  307] 05:53:31 SKIP forecast — pending unresolved
  [  308] 05:53:37 SKIP forecast — pending unresolved
  [  309] 05:53:44 SKIP forecast — pending unresolved
  [  310] 05:53:51 SKIP forecast — pending unresolved
  [  311] 05:53:57 SKIP forecast — pending unresolved
  [  312] 05:54:03 SKIP forecast — pending unresolved
  [  313] 05:54:10 SKIP forecast — pending unresolved
  [  314] 05:54:16 SKIP forecast — pending unresolved
  [  315] 05:54:23 SKIP forecast — pending unresolved
  [  316] 05:54:30 RESOLVED id=btcusdt-306-1785119004698 act=0.556 c_err=0.055 q_err=0.153 ret=+0.00000
         --- resolved 31: quantum wins 13/31 (42%) trades=5 avg_ret=-0.00193
  [  316] 05:54:30 p=65188.0 c=0.531 q=0.565 δ=0.83 status=pending fallback=saturation_gate target=05:55:29
  [  317] 05:54:37 SKIP forecast — pending unresolved
  [  318] 05:54:43 SKIP forecast — pending unresolved
  [  319] 05:54:50 SKIP forecast — pending unresolved
  [  320] 05:54:57 SKIP forecast — pending unresolved
  [  321] 05:55:04 SKIP forecast — pending unresolved
  [  322] 05:55:12 SKIP forecast — pending unresolved
  [  323] 05:55:18 SKIP forecast — pending unresolved
  [  324] 05:55:24 SKIP forecast — pending unresolved

  Signal 15 received, shutting down gracefully...

  Stopped at 2026-07-27 05:55:26
  Collected 325 observations, 33 predictions
  Saved to /home/manjaruhp/Pictures/Autonomous-AI-june2026/Exchange-Q/core/_live_results/btcusdt-quantum-1785116954.json

  FINAL: resolved=31 quantum wins 13/31 (41.9%)  c_err=0.3379  q_err=0.3238  trades=5 avg_ret=-0.00193

  FINAL: exploratory summary only — need n>=720 for significance report
  QUANTUM-ONLY LIVE PIPELINE
  symbol=btcusdt  max_resolved=500  max_fetches=unlimited  max_runtime=unlimited
  horizon=60.0s  sample_interval=5.0s  window=15
  output=/home/manjaruhp/Pictures/Autonomous-AI-june2026/Exchange-Q/core/_live_results/btcusdt-quantum-1785119130.json
  database=/home/manjaruhp/Pictures/Autonomous-AI-june2026/Exchange-Q/core/_live_results/btcusdt-quantum-1785119130.sqlite3
  PID=1582975
  Started at 2026-07-27 05:55:30

  [    0] 05:55:32 WARMUP (1/15)
  [    1] 05:55:41 WARMUP (2/15)
  [    2] 05:55:48 WARMUP (3/15)
  [    3] 05:55:55 WARMUP (4/15)
  [    4] 05:56:02 WARMUP (5/15)
  [    5] 05:56:09 WARMUP (6/15)
  [    6] 05:56:16 WARMUP (7/15)
  [    7] 05:56:23 WARMUP (8/15)
  [    8] 05:56:30 WARMUP (9/15)
  [    9] 05:56:38 WARMUP (10/15)
  [   10] 05:56:45 WARMUP (11/15)
  [   11] 05:56:53 WARMUP (12/15)
  [   12] 05:57:01 WARMUP (13/15)
  [   13] 05:57:08 WARMUP (14/15)
  WARMUP complete — creating predictions for horizon=60.0s
  [   14] 05:57:16 p=65201.2 c=0.705 q=0.521 δ=0.89 status=pending fallback=saturation_gate target=05:58:16
  [   15] 05:57:24 SKIP forecast — pending unresolved
  [   16] 05:57:31 SKIP forecast — pending unresolved
  [   17] 05:57:38 SKIP forecast — pending unresolved
  [   18] 05:57:46 SKIP forecast — pending unresolved
  [   19] 05:57:53 SKIP forecast — pending unresolved
  [   20] 05:58:00 SKIP forecast — pending unresolved
  [   21] 05:58:08 SKIP forecast — pending unresolved
  [   22] 05:58:15 SKIP forecast — pending unresolved
  [   23] 05:58:23 RESOLVED id=btcusdt-14-1785119236934 act=0.571 c_err=0.133 q_err=0.050 ret=+0.00000
  [   23] 05:58:23 p=65213.1 c=0.717 q=0.739 δ=0.96 status=pending fallback=saturation_gate target=05:59:23
  [   24] 05:58:30 SKIP forecast — pending unresolved
  [   25] 05:58:38 SKIP forecast — pending unresolved
  [   26] 05:58:45 SKIP forecast — pending unresolved
  [   27] 05:58:53 SKIP forecast — pending unresolved
  [   28] 05:59:00 SKIP forecast — pending unresolved
  [   29] 05:59:07 SKIP forecast — pending unresolved
  [   30] 05:59:14 SKIP forecast — pending unresolved
  [   31] 05:59:21 SKIP forecast — pending unresolved
  [   32] 05:59:29 RESOLVED id=btcusdt-23-1785119303189 act=0.200 c_err=0.517 q_err=0.539 ret=-0.00220
  [   32] 05:59:29 p=65200.0 c=0.689 q=0.703 δ=0.88 status=pending fallback=saturation_gate target=06:00:29
  [   33] 05:59:36 SKIP forecast — pending unresolved
  [   34] 05:59:43 SKIP forecast — pending unresolved
  [   35] 05:59:50 SKIP forecast — pending unresolved
  [   36] 05:59:58 SKIP forecast — pending unresolved
  [   37] 06:00:04 SKIP forecast — pending unresolved
  [   38] 06:00:13 SKIP forecast — pending unresolved
  [   39] 06:00:21 SKIP forecast — pending unresolved
  [   40] 06:00:28 SKIP forecast — pending unresolved
  [   41] 06:00:35 RESOLVED id=btcusdt-32-1785119369243 act=0.000 c_err=0.689 q_err=0.703 ret=-0.00263
  [   41] 06:00:35 p=65158.9 c=0.168 q=0.430 δ=0.85 status=pending fallback=none target=06:01:35
  [   42] 06:00:43 SKIP forecast — pending unresolved
  [   43] 06:00:51 SKIP forecast — pending unresolved
  [   44] 06:00:58 SKIP forecast — pending unresolved
  [   45] 06:01:05 SKIP forecast — pending unresolved
  [   46] 06:01:12 SKIP forecast — pending unresolved
  [   47] 06:01:19 SKIP forecast — pending unresolved
  [   48] 06:01:26 SKIP forecast — pending unresolved
  [   49] 06:01:34 SKIP forecast — pending unresolved
  [   50] 06:01:41 RESOLVED id=btcusdt-41-1785119435890 act=0.571 c_err=0.403 q_err=0.141 ret=+0.00000
  [   50] 06:01:41 p=65145.8 c=0.471 q=0.353 δ=0.82 status=pending fallback=none target=06:02:41
  [   51] 06:01:48 SKIP forecast — pending unresolved
  [   52] 06:01:56 SKIP forecast — pending unresolved
  [   53] 06:02:03 SKIP forecast — pending unresolved
  [   54] 06:02:10 SKIP forecast — pending unresolved
  [   55] 06:02:17 SKIP forecast — pending unresolved
  [   56] 06:02:25 SKIP forecast — pending unresolved
  [   57] 06:02:32 SKIP forecast — pending unresolved
  [   58] 06:02:39 SKIP forecast — pending unresolved
  [   59] 06:02:47 RESOLVED id=btcusdt-50-1785119501574 act=0.526 c_err=0.056 q_err=0.174 ret=+0.00000
  [   59] 06:02:47 p=65142.1 c=0.531 q=0.412 δ=0.77 status=pending fallback=saturation_gate target=06:03:47
  [   60] 06:02:54 SKIP forecast — pending unresolved
  [   61] 06:03:01 SKIP forecast — pending unresolved
  [   62] 06:03:08 SKIP forecast — pending unresolved
  [   63] 06:03:15 SKIP forecast — pending unresolved
  [   64] 06:03:22 SKIP forecast — pending unresolved
  [   65] 06:03:30 SKIP forecast — pending unresolved
  [   66] 06:03:37 SKIP forecast — pending unresolved
  [   67] 06:03:46 SKIP forecast — pending unresolved
  [   68] 06:03:54 RESOLVED id=btcusdt-59-1785119567104 act=0.286 c_err=0.246 q_err=0.126 ret=+0.00000
  [   68] 06:03:54 p=65125.5 c=0.347 q=0.354 δ=0.78 status=pending fallback=saturation_gate target=06:04:54
  [   69] 06:04:02 SKIP forecast — pending unresolved
  [   70] 06:04:09 SKIP forecast — pending unresolved
  [   71] 06:04:16 SKIP forecast — pending unresolved
  [   72] 06:04:23 SKIP forecast — pending unresolved
  [   73] 06:04:31 SKIP forecast — pending unresolved
  [   74] 06:04:38 SKIP forecast — pending unresolved
  [   75] 06:04:45 SKIP forecast — pending unresolved
  [   76] 06:04:52 SKIP forecast — pending unresolved
  [   77] 06:04:59 RESOLVED id=btcusdt-68-1785119634037 act=0.700 c_err=0.353 q_err=0.346 ret=+0.00000
  [   77] 06:04:59 p=65147.6 c=0.661 q=0.539 δ=1.16 status=pending fallback=saturation_gate target=06:05:59
  [   78] 06:05:07 SKIP forecast — pending unresolved
  [   79] 06:05:14 SKIP forecast — pending unresolved
  [   80] 06:05:22 SKIP forecast — pending unresolved
  [   81] 06:05:30 SKIP forecast — pending unresolved
  [   82] 06:05:38 SKIP forecast — pending unresolved
  [   83] 06:05:44 SKIP forecast — pending unresolved
  [   84] 06:05:51 SKIP forecast — pending unresolved
  [   85] 06:05:57 SKIP forecast — pending unresolved
  [   86] 06:06:04 RESOLVED id=btcusdt-77-1785119699736 act=0.333 c_err=0.328 q_err=0.206 ret=+0.00000
  [   86] 06:06:04 p=65148.6 c=0.500 q=0.567 δ=1.23 status=pending fallback=saturation_gate target=06:07:04
  [   87] 06:06:10 SKIP forecast — pending unresolved
  [   88] 06:06:17 SKIP forecast — pending unresolved
  [   89] 06:06:23 SKIP forecast — pending unresolved
  [   90] 06:06:30 SKIP forecast — pending unresolved
  [   91] 06:06:37 SKIP forecast — pending unresolved
  [   92] 06:06:44 SKIP forecast — pending unresolved
  [   93] 06:06:50 SKIP forecast — pending unresolved
  [   94] 06:06:57 SKIP forecast — pending unresolved
  [   95] 06:07:04 SKIP forecast — pending unresolved
  [   96] 06:07:10 RESOLVED id=btcusdt-86-1785119764342 act=0.966 c_err=0.465 q_err=0.399 ret=+0.00000
  [   96] 06:07:10 p=65230.5 c=0.832 q=0.743 δ=1.30 status=pending fallback=none target=06:08:10
  [   97] 06:07:18 SKIP forecast — pending unresolved
  [   98] 06:07:24 SKIP forecast — pending unresolved
  [   99] 06:07:31 SKIP forecast — pending unresolved
  [  100] 06:07:38 SKIP forecast — pending unresolved
  [  101] 06:07:44 SKIP forecast — pending unresolved
  [  102] 06:07:51 SKIP forecast — pending unresolved
  [  103] 06:07:58 SKIP forecast — pending unresolved
  [  104] 06:08:05 SKIP forecast — pending unresolved
  [  105] 06:08:12 RESOLVED id=btcusdt-96-1785119830933 act=0.625 c_err=0.207 q_err=0.118 ret=-0.00187
  [  105] 06:08:12 p=65238.7 c=0.705 q=0.847 δ=1.17 status=pending fallback=saturation_gate target=06:09:12
  [  106] 06:08:19 SKIP forecast — pending unresolved
  [  107] 06:08:26 SKIP forecast — pending unresolved
  [  108] 06:08:33 SKIP forecast — pending unresolved
  [  109] 06:08:39 SKIP forecast — pending unresolved
  [  110] 06:08:47 SKIP forecast — pending unresolved
  [  111] 06:08:53 SKIP forecast — pending unresolved
  [  112] 06:09:00 SKIP forecast — pending unresolved
  [  113] 06:09:06 SKIP forecast — pending unresolved
  [  114] 06:09:13 RESOLVED id=btcusdt-105-1785119892237 act=0.667 c_err=0.038 q_err=0.180 ret=-0.00200
  [  114] 06:09:13 p=65239.0 c=0.660 q=0.728 δ=1.13 status=pending fallback=saturation_gate target=06:10:13
  [  115] 06:09:20 SKIP forecast — pending unresolved
  [  116] 06:09:26 SKIP forecast — pending unresolved
  [  117] 06:09:33 SKIP forecast — pending unresolved
  [  118] 06:09:39 SKIP forecast — pending unresolved
  [  119] 06:09:45 SKIP forecast — pending unresolved
  [  120] 06:09:52 SKIP forecast — pending unresolved
  [  121] 06:09:59 SKIP forecast — pending unresolved
  [  122] 06:10:06 SKIP forecast — pending unresolved
  [  123] 06:10:13 SKIP forecast — pending unresolved
  [  124] 06:10:21 RESOLVED id=btcusdt-114-1785119953284 act=0.214 c_err=0.446 q_err=0.514 ret=-0.00176
  [  124] 06:10:21 p=65254.9 c=0.403 q=0.613 δ=1.18 status=pending fallback=saturation_gate target=06:11:21
  [  125] 06:10:28 SKIP forecast — pending unresolved
  [  126] 06:10:35 SKIP forecast — pending unresolved
  [  127] 06:10:42 SKIP forecast — pending unresolved
  [  128] 06:10:48 SKIP forecast — pending unresolved
  [  129] 06:10:55 SKIP forecast — pending unresolved
  [  130] 06:11:01 SKIP forecast — pending unresolved
  [  131] 06:11:08 SKIP forecast — pending unresolved
  [  132] 06:11:14 SKIP forecast — pending unresolved
  [  133] 06:11:21 SKIP forecast — pending unresolved
  [  134] 06:11:28 RESOLVED id=btcusdt-124-1785120021875 act=0.400 c_err=0.003 q_err=0.213 ret=-0.00217
  [  134] 06:11:28 p=65243.6 c=0.561 q=0.423 δ=1.19 status=pending fallback=none target=06:12:28
  [  135] 06:11:36 SKIP forecast — pending unresolved
  [  136] 06:11:43 SKIP forecast — pending unresolved
  [  137] 06:11:49 SKIP forecast — pending unresolved
  [  138] 06:11:56 SKIP forecast — pending unresolved
  [  139] 06:12:02 SKIP forecast — pending unresolved
  [  140] 06:12:09 SKIP forecast — pending unresolved
  [  141] 06:12:16 SKIP forecast — pending unresolved
  [  142] 06:12:23 SKIP forecast — pending unresolved
  [  143] 06:12:30 RESOLVED id=btcusdt-134-1785120088859 act=0.758 c_err=0.197 q_err=0.335 ret=+0.00000
  [  143] 06:12:30 p=65269.0 c=0.736 q=0.567 δ=1.11 status=pending fallback=saturation_gate target=06:13:30
  [  144] 06:12:36 SKIP forecast — pending unresolved
  [  145] 06:12:44 SKIP forecast — pending unresolved
  [  146] 06:12:50 SKIP forecast — pending unresolved
  [  147] 06:12:56 SKIP forecast — pending unresolved
  [  148] 06:13:03 SKIP forecast — pending unresolved
  [  149] 06:13:10 SKIP forecast — pending unresolved
  [  150] 06:13:17 SKIP forecast — pending unresolved
  [  151] 06:13:23 SKIP forecast — pending unresolved
  [  152] 06:13:30 RESOLVED id=btcusdt-143-1785120150078 act=0.733 c_err=0.002 q_err=0.167 ret=+0.00000
  [  152] 06:13:30 p=65282.4 c=0.778 q=0.777 δ=1.35 status=pending fallback=saturation_gate target=06:14:30
  [  153] 06:13:36 SKIP forecast — pending unresolved
  [  154] 06:13:44 SKIP forecast — pending unresolved
  [  155] 06:13:51 SKIP forecast — pending unresolved
  [  156] 06:13:58 SKIP forecast — pending unresolved
  [  157] 06:14:05 SKIP forecast — pending unresolved
  [  158] 06:14:11 SKIP forecast — pending unresolved
  [  159] 06:14:18 SKIP forecast — pending unresolved
  [  160] 06:14:25 SKIP forecast — pending unresolved
  [  161] 06:14:31 RESOLVED id=btcusdt-152-1785120210231 act=0.538 c_err=0.239 q_err=0.238 ret=-0.00207
  [  161] 06:14:31 p=65278.1 c=0.606 q=0.755 δ=1.13 status=pending fallback=saturation_gate target=06:15:31
  [  162] 06:14:38 SKIP forecast — pending unresolved
  [  163] 06:14:46 SKIP forecast — pending unresolved
  [  164] 06:14:52 SKIP forecast — pending unresolved
  [  165] 06:15:00 SKIP forecast — pending unresolved
  [  166] 06:15:06 SKIP forecast — pending unresolved
  [  167] 06:15:12 SKIP forecast — pending unresolved
  [  168] 06:15:19 SKIP forecast — pending unresolved
  [  169] 06:15:25 SKIP forecast — pending unresolved
  [  170] 06:15:32 RESOLVED id=btcusdt-161-1785120271818 act=0.625 c_err=0.019 q_err=0.130 ret=-0.00228
  [  170] 06:15:32 p=65259.5 c=0.637 q=0.475 δ=1.08 status=pending fallback=saturation_gate target=06:16:32
  [  171] 06:15:39 SKIP forecast — pending unresolved
  [  172] 06:15:47 SKIP forecast — pending unresolved
  [  173] 06:15:54 SKIP forecast — pending unresolved
  [  174] 06:16:01 SKIP forecast — pending unresolved
  [  175] 06:16:08 SKIP forecast — pending unresolved
  [  176] 06:16:15 SKIP forecast — pending unresolved
  [  177] 06:16:24 SKIP forecast — pending unresolved
  [  178] 06:16:31 SKIP forecast — pending unresolved
  [  179] 06:16:38 RESOLVED id=btcusdt-170-1785120332631 act=0.714 c_err=0.077 q_err=0.239 ret=+0.00000
  [  179] 06:16:38 p=65259.4 c=0.683 q=0.568 δ=1.05 status=pending fallback=saturation_gate target=06:17:38
  [  180] 06:16:44 SKIP forecast — pending unresolved
  [  181] 06:16:51 SKIP forecast — pending unresolved
  [  182] 06:16:58 SKIP forecast — pending unresolved
  [  183] 06:17:06 SKIP forecast — pending unresolved
  [  184] 06:17:12 SKIP forecast — pending unresolved
  [  185] 06:17:19 SKIP forecast — pending unresolved
  [  186] 06:17:26 SKIP forecast — pending unresolved
  [  187] 06:17:33 SKIP forecast — pending unresolved
  [  188] 06:17:40 RESOLVED id=btcusdt-179-1785120398212 act=0.000 c_err=0.683 q_err=0.568 ret=+0.00000
  [  188] 06:17:40 p=65249.0 c=0.396 q=0.667 δ=1.03 status=pending fallback=saturation_gate target=06:18:40
  [  189] 06:17:47 SKIP forecast — pending unresolved
  [  190] 06:17:54 SKIP forecast — pending unresolved
  [  191] 06:18:01 SKIP forecast — pending unresolved
  [  192] 06:18:07 SKIP forecast — pending unresolved
  [  193] 06:18:14 SKIP forecast — pending unresolved
  [  194] 06:18:21 SKIP forecast — pending unresolved
  [  195] 06:18:29 SKIP forecast — pending unresolved
  [  196] 06:18:35 SKIP forecast — pending unresolved
  [  197] 06:18:43 RESOLVED id=btcusdt-188-1785120460194 act=0.071 c_err=0.325 q_err=0.595 ret=-0.00218
  [  197] 06:18:43 p=65236.9 c=0.167 q=0.380 δ=0.88 status=pending fallback=none target=06:19:43
  [  198] 06:18:50 SKIP forecast — pending unresolved
  [  199] 06:18:57 SKIP forecast — pending unresolved
  [  200] 06:19:03 SKIP forecast — pending unresolved
  [  201] 06:19:11 SKIP forecast — pending unresolved
  [  202] 06:19:17 SKIP forecast — pending unresolved
  [  203] 06:19:24 SKIP forecast — pending unresolved
  [  204] 06:19:31 SKIP forecast — pending unresolved
  [  205] 06:19:38 SKIP forecast — pending unresolved
  [  206] 06:19:44 RESOLVED id=btcusdt-197-1785120523003 act=0.333 c_err=0.166 q_err=0.047 ret=+0.00000
  [  206] 06:19:45 p=65226.1 c=0.299 q=0.134 δ=0.83 status=pending fallback=none target=06:20:44
  [  207] 06:19:51 SKIP forecast — pending unresolved
  [  208] 06:19:58 SKIP forecast — pending unresolved
  [  209] 06:20:05 SKIP forecast — pending unresolved
  [  210] 06:20:12 SKIP forecast — pending unresolved
  [  211] 06:20:19 SKIP forecast — pending unresolved
  [  212] 06:20:27 SKIP forecast — pending unresolved
  [  213] 06:20:33 SKIP forecast — pending unresolved
  [  214] 06:20:40 SKIP forecast — pending unresolved
  [  215] 06:20:47 RESOLVED id=btcusdt-206-1785120584982 act=0.429 c_err=0.129 q_err=0.294 ret=+0.00000
  [  215] 06:20:47 p=65196.5 c=0.467 q=0.233 δ=0.91 status=pending fallback=none target=06:21:47
  [  216] 06:20:54 SKIP forecast — pending unresolved
  [  217] 06:21:01 SKIP forecast — pending unresolved
  [  218] 06:21:08 SKIP forecast — pending unresolved
  [  219] 06:21:15 SKIP forecast — pending unresolved
  [  220] 06:21:22 SKIP forecast — pending unresolved
  [  221] 06:21:28 SKIP forecast — pending unresolved
  [  222] 06:21:35 SKIP forecast — pending unresolved
  [  223] 06:21:41 SKIP forecast — pending unresolved
  [  224] 06:21:49 RESOLVED id=btcusdt-215-1785120647209 act=0.700 c_err=0.233 q_err=0.467 ret=+0.00000
  [  224] 06:21:49 p=65192.2 c=0.683 q=0.416 δ=0.82 status=pending fallback=saturation_gate target=06:22:49
  [  225] 06:21:56 SKIP forecast — pending unresolved
  [  226] 06:22:02 SKIP forecast — pending unresolved
  [  227] 06:22:09 SKIP forecast — pending unresolved
  [  228] 06:22:16 SKIP forecast — pending unresolved
  [  229] 06:22:23 SKIP forecast — pending unresolved
  [  230] 06:22:29 SKIP forecast — pending unresolved
  [  231] 06:22:37 SKIP forecast — pending unresolved
  [  232] 06:22:43 SKIP forecast — pending unresolved
  [  233] 06:22:50 RESOLVED id=btcusdt-224-1785120709036 act=0.188 c_err=0.496 q_err=0.228 ret=+0.00000
  [  233] 06:22:50 p=65159.5 c=0.273 q=0.511 δ=0.70 status=pending fallback=saturation_gate target=06:23:50
  [  234] 06:22:57 SKIP forecast — pending unresolved
  [  235] 06:23:04 SKIP forecast — pending unresolved
  [  236] 06:23:11 SKIP forecast — pending unresolved
  [  237] 06:23:18 SKIP forecast — pending unresolved
  [  238] 06:23:24 SKIP forecast — pending unresolved
  [  239] 06:23:31 SKIP forecast — pending unresolved
  [  240] 06:23:39 SKIP forecast — pending unresolved
  [  241] 06:23:46 SKIP forecast — pending unresolved
  [  242] 06:23:53 RESOLVED id=btcusdt-233-1785120770885 act=0.035 c_err=0.239 q_err=0.477 ret=+0.00000
  [  242] 06:23:53 p=65141.2 c=0.294 q=0.296 δ=0.84 status=pending fallback=none target=06:24:53
  [  243] 06:24:00 SKIP forecast — pending unresolved
  [  244] 06:24:06 SKIP forecast — pending unresolved
  [  245] 06:24:14 SKIP forecast — pending unresolved
  [  246] 06:24:21 SKIP forecast — pending unresolved
  [  247] 06:24:28 SKIP forecast — pending unresolved
  [  248] 06:24:34 SKIP forecast — pending unresolved
  [  249] 06:24:41 SKIP forecast — pending unresolved
  [  250] 06:24:48 SKIP forecast — pending unresolved
  [  251] 06:24:54 RESOLVED id=btcusdt-242-1785120833494 act=0.368 c_err=0.074 q_err=0.073 ret=+0.00000
  [  251] 06:24:54 p=65177.7 c=0.618 q=0.372 δ=0.95 status=pending fallback=saturation_gate target=06:25:54
  [  252] 06:25:01 SKIP forecast — pending unresolved
  [  253] 06:25:08 SKIP forecast — pending unresolved
  [  254] 06:25:16 SKIP forecast — pending unresolved
  [  255] 06:25:22 SKIP forecast — pending unresolved
  [  256] 06:25:28 SKIP forecast — pending unresolved
  [  257] 06:25:35 SKIP forecast — pending unresolved
  [  258] 06:25:42 SKIP forecast — pending unresolved
  [  259] 06:25:49 SKIP forecast — pending unresolved
  [  260] 06:25:55 RESOLVED id=btcusdt-251-1785120894662 act=0.188 c_err=0.431 q_err=0.185 ret=+0.00000
  [  260] 06:25:55 p=65179.6 c=0.333 q=0.420 δ=1.05 status=pending fallback=saturation_gate target=06:26:55
  [  261] 06:26:03 SKIP forecast — pending unresolved
  [  262] 06:26:09 SKIP forecast — pending unresolved
  [  263] 06:26:16 SKIP forecast — pending unresolved
  [  264] 06:26:23 SKIP forecast — pending unresolved
  [  265] 06:26:30 SKIP forecast — pending unresolved
  [  266] 06:26:37 SKIP forecast — pending unresolved
  [  267] 06:26:44 SKIP forecast — pending unresolved
  [  268] 06:26:50 SKIP forecast — pending unresolved
  [  269] 06:26:57 RESOLVED id=btcusdt-260-1785120955518 act=0.478 c_err=0.145 q_err=0.058 ret=+0.00000
  [  269] 06:26:57 p=65183.2 c=0.511 q=0.459 δ=1.00 status=pending fallback=saturation_gate target=06:27:57
  [  270] 06:27:04 SKIP forecast — pending unresolved
  [  271] 06:27:10 SKIP forecast — pending unresolved
  [  272] 06:27:18 SKIP forecast — pending unresolved
  [  273] 06:27:24 SKIP forecast — pending unresolved
  [  274] 06:27:31 SKIP forecast — pending unresolved
  [  275] 06:27:38 SKIP forecast — pending unresolved
  [  276] 06:27:45 SKIP forecast — pending unresolved
  [  277] 06:27:51 SKIP forecast — pending unresolved
  [  278] 06:27:58 RESOLVED id=btcusdt-269-1785121017088 act=1.000 c_err=0.489 q_err=0.541 ret=+0.00000
  [  278] 06:27:58 p=65177.2 c=0.487 q=0.516 δ=0.92 status=pending fallback=saturation_gate target=06:28:58
  [  279] 06:28:04 SKIP forecast — pending unresolved
  [  280] 06:28:11 SKIP forecast — pending unresolved
  [  281] 06:28:18 SKIP forecast — pending unresolved
  [  282] 06:28:25 SKIP forecast — pending unresolved
  [  283] 06:28:32 SKIP forecast — pending unresolved
  [  284] 06:28:39 SKIP forecast — pending unresolved
  [  285] 06:28:46 SKIP forecast — pending unresolved
  [  286] 06:28:53 SKIP forecast — pending unresolved
  [  287] 06:28:59 RESOLVED id=btcusdt-278-1785121078125 act=0.667 c_err=0.180 q_err=0.151 ret=+0.00000
  [  287] 06:28:59 p=65189.0 c=0.649 q=0.675 δ=1.36 status=pending fallback=none target=06:29:59
  [  288] 06:29:05 SKIP forecast — pending unresolved
  [  289] 06:29:12 SKIP forecast — pending unresolved
  [  290] 06:29:19 SKIP forecast — pending unresolved
  [  291] 06:29:26 SKIP forecast — pending unresolved
  [  292] 06:29:33 SKIP forecast — pending unresolved
  [  293] 06:29:40 SKIP forecast — pending unresolved
  [  294] 06:29:47 SKIP forecast — pending unresolved
  [  295] 06:29:53 SKIP forecast — pending unresolved
  [  296] 06:30:00 RESOLVED id=btcusdt-287-1785121139730 act=0.400 c_err=0.249 q_err=0.275 ret=-0.00209
  [  296] 06:30:00 p=65183.1 c=0.535 q=0.476 δ=1.05 status=pending fallback=saturation_gate target=06:31:00
  [  297] 06:30:06 SKIP forecast — pending unresolved
  [  298] 06:30:13 SKIP forecast — pending unresolved
  [  299] 06:30:19 SKIP forecast — pending unresolved
  [  300] 06:30:26 SKIP forecast — pending unresolved
  [  301] 06:30:34 SKIP forecast — pending unresolved
  [  302] 06:30:40 SKIP forecast — pending unresolved
  [  303] 06:30:47 SKIP forecast — pending unresolved
  [  304] 06:30:53 SKIP forecast — pending unresolved
  [  305] 06:30:59 SKIP forecast — pending unresolved
  [  306] 06:31:07 RESOLVED id=btcusdt-296-1785121200286 act=1.000 c_err=0.465 q_err=0.524 ret=+0.00000
  [  306] 06:31:07 p=65226.1 c=0.851 q=0.645 δ=0.86 status=pending fallback=saturation_gate target=06:32:07
  [  307] 06:31:14 SKIP forecast — pending unresolved
  [  308] 06:31:20 SKIP forecast — pending unresolved
  [  309] 06:31:27 SKIP forecast — pending unresolved
  [  310] 06:31:34 SKIP forecast — pending unresolved
  [  311] 06:31:41 SKIP forecast — pending unresolved
  [  312] 06:31:47 SKIP forecast — pending unresolved
  [  313] 06:31:54 SKIP forecast — pending unresolved
  [  314] 06:32:00 SKIP forecast — pending unresolved
  [  315] 06:32:07 RESOLVED id=btcusdt-306-1785121267275 act=0.800 c_err=0.051 q_err=0.155 ret=-0.00182
  [  315] 06:32:07 p=65238.1 c=0.791 q=0.900 δ=1.00 status=pending fallback=saturation_gate target=06:33:07
  [  316] 06:32:13 SKIP forecast — pending unresolved
  [  317] 06:32:20 SKIP forecast — pending unresolved
  [  318] 06:32:27 SKIP forecast — pending unresolved
  [  319] 06:32:33 SKIP forecast — pending unresolved
  [  320] 06:32:40 SKIP forecast — pending unresolved
  [  321] 06:32:47 SKIP forecast — pending unresolved
  [  322] 06:32:53 SKIP forecast — pending unresolved
  [  323] 06:33:00 SKIP forecast — pending unresolved
  [  324] 06:33:07 RESOLVED id=btcusdt-315-1785121327564 act=0.656 c_err=0.135 q_err=0.244 ret=-0.00167
         --- resolved 30: quantum wins 12/30 (40%) trades=11 avg_ret=-0.00206
  [  324] 06:33:07 p=65259.8 c=0.695 q=0.849 δ=0.97 status=pending fallback=saturation_gate target=06:34:07
  [  325] 06:33:14 SKIP forecast — pending unresolved
  [  326] 06:33:21 SKIP forecast — pending unresolved
  [  327] 06:33:28 SKIP forecast — pending unresolved
  [  328] 06:33:34 SKIP forecast — pending unresolved
  [  329] 06:33:41 SKIP forecast — pending unresolved
  [  330] 06:33:48 SKIP forecast — pending unresolved
  [  331] 06:33:55 SKIP forecast — pending unresolved
  [  332] 06:34:02 SKIP forecast — pending unresolved
  [  333] 06:34:08 RESOLVED id=btcusdt-324-1785121387605 act=0.091 c_err=0.604 q_err=0.758 ret=-0.00247
         --- resolved 31: quantum wins 12/31 (39%) trades=12 avg_ret=-0.00210
  [  333] 06:34:08 p=65229.2 c=0.234 q=0.460 δ=0.95 status=pending fallback=saturation_gate target=06:35:08
  [  334] 06:34:15 SKIP forecast — pending unresolved
  [  335] 06:34:22 SKIP forecast — pending unresolved
  [  336] 06:34:29 SKIP forecast — pending unresolved
  [  337] 06:34:35 SKIP forecast — pending unresolved
  [  338] 06:34:42 SKIP forecast — pending unresolved
  [  339] 06:34:49 SKIP forecast — pending unresolved
  [  340] 06:34:55 SKIP forecast — pending unresolved
  [  341] 06:35:02 SKIP forecast — pending unresolved
  [  342] 06:35:09 RESOLVED id=btcusdt-333-1785121448859 act=0.476 c_err=0.242 q_err=0.016 ret=+0.00000
         --- resolved 32: quantum wins 13/32 (41%) trades=12 avg_ret=-0.00210
  [  342] 06:35:09 p=65208.7 c=0.458 q=0.223 δ=0.88 status=pending fallback=none target=06:36:09
  [  343] 06:35:15 SKIP forecast — pending unresolved
  [  344] 06:35:23 SKIP forecast — pending unresolved
  [  345] 06:35:30 SKIP forecast — pending unresolved
  [  346] 06:35:37 SKIP forecast — pending unresolved
  [  347] 06:35:44 SKIP forecast — pending unresolved
  [  348] 06:35:50 SKIP forecast — pending unresolved
  [  349] 06:35:57 SKIP forecast — pending unresolved
  [  350] 06:36:04 SKIP forecast — pending unresolved
  [  351] 06:36:11 RESOLVED id=btcusdt-342-1785121509394 act=0.500 c_err=0.042 q_err=0.277 ret=+0.00000
         --- resolved 33: quantum wins 13/33 (39%) trades=12 avg_ret=-0.00210
  [  351] 06:36:11 p=65226.1 c=0.663 q=0.455 δ=0.99 status=pending fallback=saturation_gate target=06:37:11
  [  352] 06:36:17 SKIP forecast — pending unresolved
  [  353] 06:36:23 SKIP forecast — pending unresolved
  [  354] 06:36:30 SKIP forecast — pending unresolved
  [  355] 06:36:37 SKIP forecast — pending unresolved
  [  356] 06:36:44 SKIP forecast — pending unresolved
  [  357] 06:36:51 SKIP forecast — pending unresolved
  [  358] 06:36:58 SKIP forecast — pending unresolved
  [  359] 06:37:04 SKIP forecast — pending unresolved
  [  360] 06:37:11 RESOLVED id=btcusdt-351-1785121571019 act=0.636 c_err=0.027 q_err=0.182 ret=+0.00000
         --- resolved 34: quantum wins 13/34 (38%) trades=12 avg_ret=-0.00210
  [  360] 06:37:11 p=65218.9 c=0.693 q=0.678 δ=0.81 status=pending fallback=saturation_gate target=06:38:11
  [  361] 06:37:18 SKIP forecast — pending unresolved
  [  362] 06:37:25 SKIP forecast — pending unresolved
  [  363] 06:37:31 SKIP forecast — pending unresolved
  [  364] 06:37:38 SKIP forecast — pending unresolved
  [  365] 06:37:45 SKIP forecast — pending unresolved
  [  366] 06:37:53 SKIP forecast — pending unresolved
  [  367] 06:38:00 SKIP forecast — pending unresolved
  [  368] 06:38:07 SKIP forecast — pending unresolved
  [  369] 06:38:13 RESOLVED id=btcusdt-360-1785121631488 act=0.625 c_err=0.068 q_err=0.053 ret=-0.00171
         --- resolved 35: quantum wins 14/35 (40%) trades=13 avg_ret=-0.00207
  [  369] 06:38:13 p=65237.5 c=0.537 q=0.592 δ=0.89 status=pending fallback=saturation_gate target=06:39:13
  [  370] 06:38:20 SKIP forecast — pending unresolved
  [  371] 06:38:27 SKIP forecast — pending unresolved
  [  372] 06:38:33 SKIP forecast — pending unresolved
  [  373] 06:38:39 SKIP forecast — pending unresolved
  [  374] 06:38:46 SKIP forecast — pending unresolved
  [  375] 06:38:53 SKIP forecast — pending unresolved
  [  376] 06:38:59 SKIP forecast — pending unresolved
  [  377] 06:39:06 SKIP forecast — pending unresolved
  [  378] 06:39:13 SKIP forecast — pending unresolved
  [  379] 06:39:19 RESOLVED id=btcusdt-369-1785121693568 act=0.667 c_err=0.130 q_err=0.075 ret=+0.00000
         --- resolved 36: quantum wins 15/36 (42%) trades=13 avg_ret=-0.00207
  [  379] 06:39:19 p=65236.1 c=0.773 q=0.613 δ=0.90 status=pending fallback=saturation_gate target=06:40:19
  [  380] 06:39:26 SKIP forecast — pending unresolved
  [  381] 06:39:33 SKIP forecast — pending unresolved
  [  382] 06:39:40 SKIP forecast — pending unresolved
  [  383] 06:39:47 SKIP forecast — pending unresolved
  [  384] 06:39:53 SKIP forecast — pending unresolved
  [  385] 06:40:00 SKIP forecast — pending unresolved
  [  386] 06:40:06 SKIP forecast — pending unresolved
  [  387] 06:40:13 SKIP forecast — pending unresolved
  [  388] 06:40:19 SKIP forecast — pending unresolved
  [  389] 06:40:26 RESOLVED id=btcusdt-379-1785121759614 act=0.125 c_err=0.648 q_err=0.488 ret=-0.00266
         --- resolved 37: quantum wins 16/37 (43%) trades=14 avg_ret=-0.00211
  [  389] 06:40:26 p=65193.3 c=0.275 q=0.509 δ=0.90 status=pending fallback=saturation_gate target=06:41:26
  [  390] 06:40:32 SKIP forecast — pending unresolved
  [  391] 06:40:39 SKIP forecast — pending unresolved
  [  392] 06:40:46 SKIP forecast — pending unresolved
  [  393] 06:40:53 SKIP forecast — pending unresolved
  [  394] 06:41:00 SKIP forecast — pending unresolved
  [  395] 06:41:07 SKIP forecast — pending unresolved
  [  396] 06:41:14 SKIP forecast — pending unresolved
  [  397] 06:41:21 SKIP forecast — pending unresolved
  [  398] 06:41:28 RESOLVED id=btcusdt-389-1785121826159 act=0.857 c_err=0.582 q_err=0.348 ret=+0.00000
         --- resolved 38: quantum wins 17/38 (45%) trades=14 avg_ret=-0.00211
  [  398] 06:41:28 p=65203.4 c=0.615 q=0.240 δ=0.79 status=pending fallback=saturation_gate target=06:42:28
  [  399] 06:41:35 SKIP forecast — pending unresolved
  [  400] 06:41:41 SKIP forecast — pending unresolved
  [  401] 06:41:48 SKIP forecast — pending unresolved
  [  402] 06:41:55 SKIP forecast — pending unresolved
  [  403] 06:42:01 SKIP forecast — pending unresolved
  [  404] 06:42:08 SKIP forecast — pending unresolved
  [  405] 06:42:15 SKIP forecast — pending unresolved
  [  406] 06:42:21 SKIP forecast — pending unresolved
  [  407] 06:42:28 SKIP forecast — pending unresolved
  [  408] 06:42:34 RESOLVED id=btcusdt-398-1785121888386 act=0.750 c_err=0.135 q_err=0.510 ret=+0.00000
         --- resolved 39: quantum wins 17/39 (44%) trades=14 avg_ret=-0.00211
  [  408] 06:42:34 p=65221.1 c=0.848 q=0.719 δ=0.84 status=pending fallback=saturation_gate target=06:43:34
  [  409] 06:42:42 SKIP forecast — pending unresolved
  [  410] 06:42:49 SKIP forecast — pending unresolved
  [  411] 06:42:55 SKIP forecast — pending unresolved
  [  412] 06:43:02 SKIP forecast — pending unresolved
  [  413] 06:43:09 SKIP forecast — pending unresolved
  [  414] 06:43:16 SKIP forecast — pending unresolved
  [  415] 06:43:22 SKIP forecast — pending unresolved
  [  416] 06:43:29 SKIP forecast — pending unresolved
  [  417] 06:43:36 RESOLVED id=btcusdt-408-1785121954742 act=0.000 c_err=0.848 q_err=0.719 ret=-0.00166
         --- resolved 40: quantum wins 18/40 (45%) trades=15 avg_ret=-0.00208
  [  417] 06:43:36 p=65243.2 c=0.246 q=0.540 δ=0.80 status=pending fallback=saturation_gate target=06:44:36
  [  418] 06:43:43 SKIP forecast — pending unresolved
  [  419] 06:43:49 SKIP forecast — pending unresolved
  [  420] 06:43:55 SKIP forecast — pending unresolved
  [  421] 06:44:04 SKIP forecast — pending unresolved
  [  422] 06:44:12 SKIP forecast — pending unresolved
  [  423] 06:44:19 SKIP forecast — pending unresolved
  [  424] 06:44:25 SKIP forecast — pending unresolved
  [  425] 06:44:32 SKIP forecast — pending unresolved
  [  426] 06:44:39 RESOLVED id=btcusdt-417-1785122016142 act=0.667 c_err=0.421 q_err=0.127 ret=+0.00000
         --- resolved 41: quantum wins 19/41 (46%) trades=15 avg_ret=-0.00208
  [  426] 06:44:39 p=65262.2 c=0.555 q=0.133 δ=1.08 status=pending fallback=none target=06:45:39
  [  427] 06:44:47 SKIP forecast — pending unresolved
  [  428] 06:44:54 SKIP forecast — pending unresolved
  [  429] 06:45:01 SKIP forecast — pending unresolved
  [  430] 06:45:07 SKIP forecast — pending unresolved
  [  431] 06:45:14 SKIP forecast — pending unresolved
  [  432] 06:45:22 SKIP forecast — pending unresolved
  [  433] 06:45:29 SKIP forecast — pending unresolved
  [  434] 06:45:37 SKIP forecast — pending unresolved
  [  435] 06:45:45 RESOLVED id=btcusdt-426-1785122079414 act=0.938 c_err=0.383 q_err=0.804 ret=+0.00000
         --- resolved 42: quantum wins 19/42 (45%) trades=15 avg_ret=-0.00208
  [  435] 06:45:45 p=65288.2 c=0.887 q=0.701 δ=1.12 status=pending fallback=saturation_gate target=06:46:45
  [  436] 06:45:52 SKIP forecast — pending unresolved
  [  437] 06:46:00 SKIP forecast — pending unresolved
  [  438] 06:46:07 SKIP forecast — pending unresolved
  [  439] 06:46:15 SKIP forecast — pending unresolved
  [  440] 06:46:22 SKIP forecast — pending unresolved
  [  441] 06:46:29 SKIP forecast — pending unresolved
  [  442] 06:46:37 SKIP forecast — pending unresolved
  [  443] 06:46:44 SKIP forecast — pending unresolved
  [  444] 06:46:52 RESOLVED id=btcusdt-435-1785122145502 act=1.000 c_err=0.113 q_err=0.299 ret=-0.00190
         --- resolved 43: quantum wins 19/43 (44%) trades=16 avg_ret=-0.00207
  [  444] 06:46:52 p=65294.7 c=0.928 q=0.979 δ=0.94 status=pending fallback=saturation_gate target=06:47:52
  [  445] 06:46:59 SKIP forecast — pending unresolved
  [  446] 06:47:08 SKIP forecast — pending unresolved
  [  447] 06:47:16 SKIP forecast — pending unresolved
  [  448] 06:47:23 SKIP forecast — pending unresolved
  [  449] 06:47:30 SKIP forecast — pending unresolved
  [  450] 06:47:37 SKIP forecast — pending unresolved
  [  451] 06:47:44 SKIP forecast — pending unresolved
  [  452] 06:47:52 SKIP forecast — pending unresolved
  [  453] 06:47:59 RESOLVED id=btcusdt-444-1785122212681 act=1.000 c_err=0.072 q_err=0.021 ret=-0.00200
         --- resolved 43: quantum wins 19/43 (44%) trades=16 avg_ret=-0.00207
  [  453] 06:47:59 p=65294.7 c=0.933 q=1.000 δ=1.11 status=pending fallback=saturation_gate target=06:48:59
  [  454] 06:48:06 SKIP forecast — pending unresolved
  [  455] 06:48:14 SKIP forecast — pending unresolved
  [  456] 06:48:22 SKIP forecast — pending unresolved
  [  457] 06:48:29 SKIP forecast — pending unresolved
  [  458] 06:48:37 SKIP forecast — pending unresolved
  [  459] 06:48:44 SKIP forecast — pending unresolved
  [  460] 06:48:51 SKIP forecast — pending unresolved
  [  461] 06:48:59 RESOLVED id=btcusdt-453-1785122279206 act=0.000 c_err=0.933 q_err=1.000 ret=-0.00189
         --- resolved 44: quantum wins 19/44 (43%) trades=17 avg_ret=-0.00206
  [  461] 06:48:59 p=65301.9 c=0.443 q=0.867 δ=1.19 status=pending fallback=saturation_gate target=06:49:59
  [  462] 06:49:08 SKIP forecast — pending unresolved
  [  463] 06:49:15 SKIP forecast — pending unresolved
  [  464] 06:49:23 SKIP forecast — pending unresolved
  [  465] 06:49:31 SKIP forecast — pending unresolved
  [  466] 06:49:38 SKIP forecast — pending unresolved
  [  467] 06:49:46 SKIP forecast — pending unresolved
  [  468] 06:49:53 SKIP forecast — pending unresolved
  [  469] 06:50:01 RESOLVED id=btcusdt-461-1785122339633 act=0.722 c_err=0.279 q_err=0.144 ret=-0.00211
         --- resolved 45: quantum wins 20/45 (44%) trades=18 avg_ret=-0.00206
  [  469] 06:50:01 p=65294.4 c=0.563 q=0.524 δ=1.01 status=pending fallback=saturation_gate target=06:51:01
  [  470] 06:50:08 SKIP forecast — pending unresolved
  [  471] 06:50:16 SKIP forecast — pending unresolved
  [  472] 06:50:24 SKIP forecast — pending unresolved
  [  473] 06:50:31 SKIP forecast — pending unresolved
  [  474] 06:50:40 SKIP forecast — pending unresolved
  [  475] 06:50:47 SKIP forecast — pending unresolved
  [  476] 06:50:54 SKIP forecast — pending unresolved
  [  477] 06:51:02 RESOLVED id=btcusdt-469-1785122401416 act=0.250 c_err=0.313 q_err=0.274 ret=+0.00000
         --- resolved 46: quantum wins 21/46 (46%) trades=18 avg_ret=-0.00206
  [  477] 06:51:02 p=65266.6 c=0.474 q=0.521 δ=0.95 status=pending fallback=saturation_gate target=06:52:02
  [  478] 06:51:09 SKIP forecast — pending unresolved
  [  479] 06:51:17 SKIP forecast — pending unresolved
  [  480] 06:51:24 SKIP forecast — pending unresolved
  [  481] 06:51:33 SKIP forecast — pending unresolved
  [  482] 06:51:40 SKIP forecast — pending unresolved
  [  483] 06:51:48 SKIP forecast — pending unresolved
  [  484] 06:51:56 SKIP forecast — pending unresolved
  [  485] 06:52:03 RESOLVED id=btcusdt-477-1785122462350 act=1.000 c_err=0.526 q_err=0.479 ret=+0.00000
         --- resolved 47: quantum wins 22/47 (47%) trades=18 avg_ret=-0.00206
  [  485] 06:52:03 p=65306.3 c=0.849 q=0.706 δ=1.13 status=pending fallback=saturation_gate target=06:53:03
  [  486] 06:52:11 SKIP forecast — pending unresolved
  [  487] 06:52:18 SKIP forecast — pending unresolved
  [  488] 06:52:26 SKIP forecast — pending unresolved
  [  489] 06:52:34 SKIP forecast — pending unresolved
  [  490] 06:52:40 SKIP forecast — pending unresolved
  [  491] 06:52:48 SKIP forecast — pending unresolved
  [  492] 06:52:55 SKIP forecast — pending unresolved
  [  493] 06:53:03 SKIP forecast — pending unresolved
  [  494] 06:53:11 RESOLVED id=btcusdt-485-1785122523831 act=0.562 c_err=0.287 q_err=0.143 ret=-0.00225
         --- resolved 48: quantum wins 23/48 (48%) trades=19 avg_ret=-0.00207
  [  494] 06:53:11 p=65292.6 c=0.651 q=0.640 δ=0.94 status=pending fallback=saturation_gate target=06:54:11
  [  495] 06:53:18 SKIP forecast — pending unresolved
  [  496] 06:53:24 SKIP forecast — pending unresolved
  [  497] 06:53:33 SKIP forecast — pending unresolved
  [  498] 06:53:40 SKIP forecast — pending unresolved
  [  499] 06:53:48 SKIP forecast — pending unresolved
  [  500] 06:53:55 SKIP forecast — pending unresolved
  [  501] 06:54:02 SKIP forecast — pending unresolved
  [  502] 06:54:12 RESOLVED id=btcusdt-494-1785122591070 act=0.930 c_err=0.279 q_err=0.290 ret=-0.00129
         --- resolved 49: quantum wins 23/49 (47%) trades=20 avg_ret=-0.00203
  [  502] 06:54:12 p=65342.0 c=0.863 q=0.663 δ=1.24 status=pending fallback=saturation_gate target=06:55:12
  [  503] 06:54:20 SKIP forecast — pending unresolved
  [  504] 06:54:27 SKIP forecast — pending unresolved
  [  505] 06:54:34 SKIP forecast — pending unresolved
  [  506] 06:54:41 SKIP forecast — pending unresolved
  [  507] 06:54:48 SKIP forecast — pending unresolved
  [  508] 06:54:55 SKIP forecast — pending unresolved
  [  509] 06:55:02 SKIP forecast — pending unresolved
  [  510] 06:55:09 SKIP forecast — pending unresolved
  [  511] 06:55:15 RESOLVED id=btcusdt-502-1785122652595 act=0.500 c_err=0.363 q_err=0.163 ret=-0.00237
         --- resolved 50: quantum wins 24/50 (48%) trades=21 avg_ret=-0.00205
  [  511] 06:55:16 p=65318.0 c=0.464 q=0.793 δ=0.94 status=pending fallback=saturation_gate target=06:56:15
  [  512] 06:55:23 SKIP forecast — pending unresolved
  [  513] 06:55:29 SKIP forecast — pending unresolved
  [  514] 06:55:36 SKIP forecast — pending unresolved
  [  515] 06:55:42 SKIP forecast — pending unresolved
  [  516] 06:55:49 SKIP forecast — pending unresolved
  [  517] 06:55:56 SKIP forecast — pending unresolved
  [  518] 06:56:03 SKIP forecast — pending unresolved
  [  519] 06:56:10 SKIP forecast — pending unresolved
  [  520] 06:56:16 RESOLVED id=btcusdt-511-1785122715983 act=1.000 c_err=0.536 q_err=0.207 ret=-0.00171
         --- resolved 50: quantum wins 24/50 (48%) trades=21 avg_ret=-0.00205
  [  520] 06:56:17 p=65337.0 c=0.808 q=0.621 δ=1.12 status=pending fallback=saturation_gate target=06:57:16
  [  521] 06:56:23 SKIP forecast — pending unresolved
  [  522] 06:56:30 SKIP forecast — pending unresolved
  [  523] 06:56:37 SKIP forecast — pending unresolved
  [  524] 06:56:43 SKIP forecast — pending unresolved
  [  525] 06:56:51 SKIP forecast — pending unresolved
  [  526] 06:56:58 SKIP forecast — pending unresolved
  [  527] 06:57:05 SKIP forecast — pending unresolved
  [  528] 06:57:11 SKIP forecast — pending unresolved
  [  529] 06:57:18 RESOLVED id=btcusdt-520-1785122776971 act=1.000 c_err=0.192 q_err=0.379 ret=-0.00193
         --- resolved 50: quantum wins 24/50 (48%) trades=21 avg_ret=-0.00205
  [  529] 06:57:18 p=65341.8 c=0.931 q=0.911 δ=1.21 status=pending fallback=saturation_gate target=06:58:18
  [  530] 06:57:25 SKIP forecast — pending unresolved
  [  531] 06:57:31 SKIP forecast — pending unresolved
  [  532] 06:57:38 SKIP forecast — pending unresolved
  [  533] 06:57:45 SKIP forecast — pending unresolved
  [  534] 06:57:52 SKIP forecast — pending unresolved
  [  535] 06:57:59 SKIP forecast — pending unresolved
  [  536] 06:58:05 SKIP forecast — pending unresolved
  [  537] 06:58:12 SKIP forecast — pending unresolved
  [  538] 06:58:20 RESOLVED id=btcusdt-529-1785122838366 act=1.000 c_err=0.069 q_err=0.089 ret=-0.00216
         --- resolved 50: quantum wins 24/50 (48%) trades=21 avg_ret=-0.00205
  [  538] 06:58:20 p=65331.4 c=0.933 q=1.000 δ=1.18 status=pending fallback=saturation_gate target=06:59:19
  [  539] 06:58:26 SKIP forecast — pending unresolved

  Signal 15 received, shutting down gracefully...

  Signal 15 received, shutting down gracefully...

  Stopped at 2026-07-27 06:58:27
  Collected 540 observations, 59 predictions
  Saved to /home/manjaruhp/Pictures/Autonomous-AI-june2026/Exchange-Q/core/_live_results/btcusdt-quantum-1785119130.json

  FINAL: resolved=50 quantum wins 24/50 (48.0%)  c_err=0.3041  q_err=0.3207  trades=21 avg_ret=-0.00205

  FINAL: exploratory summary only — need n>=720 for significance report
